doid_code	drugbank_id	resource
DOID:1781	DB00451	labeledin
DOID:1781	DB00509	labeledin
DOID:1781	DB01583	labeledin
DOID:7148	DB00620	labeledin
DOID:986	DB00620	labeledin
DOID:2355	DB00620	labeledin
DOID:9008	DB00620	labeledin
DOID:2841	DB00620	labeledin
DOID:8577	DB00620	labeledin
DOID:3310	DB00620	labeledin
DOID:2531	DB00620	labeledin
DOID:9074	DB00620	labeledin
DOID:2377	DB00620	labeledin
DOID:7147	DB00620	labeledin
DOID:1319	DB00620	labeledin
DOID:2841	DB00764	labeledin
DOID:1459	DB00279	labeledin
DOID:1459	DB01583	labeledin
DOID:1826	DB01202	labeledin
DOID:3312	DB00246	labeledin
DOID:7148	DB00993	labeledin
DOID:14330	DB01367	labeledin
DOID:14330	DB03894	labeledin
DOID:6364	DB00315	labeledin
DOID:7148	DB00482	labeledin
DOID:7147	DB00482	labeledin
DOID:6364	DB00952	labeledin
DOID:2355	DB00443	labeledin
DOID:2355	DB01234	labeledin
DOID:9008	DB00443	labeledin
DOID:9008	DB01234	labeledin
DOID:7148	DB00443	labeledin
DOID:7148	DB01234	labeledin
DOID:2841	DB00443	labeledin
DOID:2841	DB01234	labeledin
DOID:8577	DB00443	labeledin
DOID:8577	DB01234	labeledin
DOID:3310	DB00443	labeledin
DOID:3310	DB01234	labeledin
DOID:2531	DB00443	labeledin
DOID:2531	DB01234	labeledin
DOID:9074	DB00443	labeledin
DOID:9074	DB01234	labeledin
DOID:2377	DB00443	labeledin
DOID:2377	DB01234	labeledin
DOID:7147	DB00443	labeledin
DOID:7147	DB01234	labeledin
DOID:1319	DB00443	labeledin
DOID:1319	DB01234	labeledin
DOID:4989	DB00424	labeledin
DOID:4989	DB00572	labeledin
DOID:1686	DB00819	labeledin
DOID:8893	DB00459	labeledin
DOID:9352	DB01200	labeledin
DOID:14330	DB01200	labeledin
DOID:14330	DB00989	labeledin
DOID:8577	DB01014	labeledin
DOID:10763	DB00542	labeledin
DOID:784	DB00136	labeledin
DOID:784	DB05314	labeledin
DOID:10763	DB01197	labeledin
DOID:10763	DB02032	labeledin
DOID:3393	DB01197	labeledin
DOID:3393	DB02032	labeledin
DOID:1826	DB00564	labeledin
DOID:10763	DB00796	labeledin
DOID:6364	DB00998	labeledin
DOID:6364	DB00216	labeledin
DOID:3312	DB00477	labeledin
DOID:12995	DB00477	labeledin
DOID:1826	DB00996	labeledin
DOID:9352	DB00222	labeledin
DOID:1612	DB00990	labeledin
DOID:1826	DB01068	labeledin
DOID:594	DB01068	labeledin
DOID:10763	DB00575	labeledin
DOID:13189	DB01394	labeledin
DOID:7148	DB01097	labeledin
DOID:2841	DB01410	labeledin
DOID:2531	DB00619	labeledin
DOID:1686	DB00287	labeledin
DOID:1686	DB00905	labeledin
DOID:3312	DB00555	labeledin
DOID:1826	DB00555	labeledin
DOID:10763	DB00722	labeledin
DOID:3393	DB00722	labeledin
DOID:10763	DB00700	labeledin
DOID:3393	DB00700	labeledin
DOID:7148	DB00091	labeledin
DOID:8893	DB00091	labeledin
DOID:1936	DB01098	labeledin
DOID:3393	DB01098	labeledin
DOID:1024	DB00250	labeledin
DOID:7148	DB00461	labeledin
DOID:1595	DB01149	labeledin
DOID:10763	DB00275	labeledin
DOID:3310	DB00337	labeledin
DOID:7148	DB00991	labeledin
DOID:1826	DB00776	labeledin
DOID:8986	DB00182	labeledin
DOID:8986	DB01576	labeledin
DOID:1595	DB00715	labeledin
DOID:594	DB00715	labeledin
DOID:3393	DB00758	labeledin
DOID:1826	DB00829	labeledin
DOID:7148	DB00586	labeledin
DOID:7147	DB00586	labeledin
DOID:6364	DB00586	labeledin
DOID:1324	DB00530	labeledin
DOID:7148	DB00861	labeledin
DOID:3393	DB00343	labeledin
DOID:10763	DB00343	labeledin
DOID:10763	DB00881	labeledin
DOID:10763	DB00178	labeledin
DOID:3393	DB00178	labeledin
DOID:332	DB00740	labeledin
DOID:12849	DB00734	labeledin
DOID:3312	DB00734	labeledin
DOID:263	DB01268	labeledin
DOID:2531	DB00188	labeledin
DOID:2531	DB07475	labeledin
DOID:7148	DB01399	labeledin
DOID:1595	DB01104	labeledin
DOID:1595	DB08567	labeledin
DOID:594	DB01104	labeledin
DOID:594	DB08567	labeledin
DOID:3393	DB00641	labeledin
DOID:6364	DB00669	labeledin
DOID:10763	DB00584	labeledin
DOID:1826	DB00273	labeledin
DOID:2841	DB00668	labeledin
DOID:1686	DB00668	labeledin
DOID:1826	DB00909	labeledin
DOID:10763	DB01018	labeledin
DOID:784	DB01012	labeledin
DOID:11476	DB00783	labeledin
DOID:1612	DB00783	labeledin
DOID:7148	DB00814	labeledin
DOID:3310	DB00864	labeledin
DOID:3393	DB00175	labeledin
DOID:2841	DB01003	labeledin
DOID:1686	DB00654	labeledin
DOID:635	DB00196	labeledin
DOID:4159	DB00544	labeledin
DOID:2355	DB00158	labeledin
DOID:10763	DB00695	labeledin
DOID:10652	DB00674	labeledin
DOID:3393	DB01241	labeledin
DOID:4989	DB01241	labeledin
DOID:2531	DB01254	labeledin
DOID:1612	DB01259	labeledin
DOID:9352	DB01016	labeledin
DOID:9352	DB01067	labeledin
DOID:10763	DB00727	labeledin
DOID:3393	DB00727	labeledin
DOID:263	DB00398	labeledin
DOID:10763	DB00492	labeledin
DOID:11119	DB00502	labeledin
DOID:3312	DB01224	labeledin
DOID:2531	DB00437	labeledin
DOID:9352	DB00678	labeledin
DOID:10763	DB00678	labeledin
DOID:8577	DB00244	labeledin
DOID:10763	DB01275	labeledin
DOID:10763	DB00999	labeledin
DOID:8893	DB00741	labeledin
DOID:8893	DB07886	labeledin
DOID:1595	DB00458	labeledin
DOID:1612	DB01229	labeledin
DOID:1324	DB01229	labeledin
DOID:7148	DB00328	labeledin
DOID:7147	DB00328	labeledin
DOID:9352	DB01261	labeledin
DOID:594	DB00404	labeledin
DOID:3393	DB00281	labeledin
DOID:3393	DB05291	labeledin
DOID:3393	DB00227	labeledin
DOID:1936	DB00227	labeledin
DOID:2531	DB04868	labeledin
DOID:9352	DB00331	labeledin
DOID:1324	DB00642	labeledin
DOID:7148	DB00563	labeledin
DOID:1612	DB00563	labeledin
DOID:2994	DB00563	labeledin
DOID:2531	DB00563	labeledin
DOID:184	DB00563	labeledin
DOID:8893	DB00563	labeledin
DOID:10763	DB00968	labeledin
DOID:2841	DB01223	labeledin
DOID:2355	DB00959	labeledin
DOID:9008	DB00959	labeledin
DOID:7148	DB00959	labeledin
DOID:2841	DB00959	labeledin
DOID:8577	DB00959	labeledin
DOID:3310	DB00959	labeledin
DOID:2531	DB00959	labeledin
DOID:9074	DB00959	labeledin
DOID:2377	DB00959	labeledin
DOID:7147	DB00959	labeledin
DOID:1319	DB00959	labeledin
DOID:3083	DB01409	labeledin
DOID:10763	DB00177	labeledin
DOID:3393	DB00177	labeledin
DOID:10763	DB00350	labeledin
DOID:1595	DB00321	labeledin
DOID:3393	DB00295	labeledin
DOID:1612	DB00481	labeledin
DOID:11476	DB00481	labeledin
DOID:14330	DB00268	labeledin
DOID:1612	DB01248	labeledin
DOID:1324	DB01248	labeledin
DOID:10283	DB01248	labeledin
DOID:9352	DB00912	labeledin
DOID:10763	DB00966	labeledin
DOID:1936	DB00627	labeledin
DOID:3393	DB00627	labeledin
DOID:4989	DB00627	labeledin
DOID:10763	DB01115	labeledin
DOID:14330	DB00413	labeledin
DOID:1595	DB00540	labeledin
DOID:2531	DB00399	labeledin
DOID:5408	DB00399	labeledin
DOID:11476	DB00399	labeledin
DOID:10283	DB00399	labeledin
DOID:11476	DB00621	labeledin
DOID:10763	DB01174	labeledin
DOID:10763	DB01346	labeledin
DOID:1826	DB00252	labeledin
DOID:1686	DB01085	labeledin
DOID:3393	DB01076	labeledin
DOID:7148	DB00554	labeledin
DOID:9352	DB01029	labeledin
DOID:10763	DB01029	labeledin
DOID:1612	DB01217	labeledin
DOID:635	DB00503	labeledin
DOID:10763	DB00457	labeledin
DOID:2355	DB00860	labeledin
DOID:9008	DB00860	labeledin
DOID:7148	DB00860	labeledin
DOID:2841	DB00860	labeledin
DOID:8577	DB00860	labeledin
DOID:3310	DB00860	labeledin
DOID:9074	DB00860	labeledin
DOID:2531	DB00860	labeledin
DOID:7147	DB00860	labeledin
DOID:13189	DB00860	labeledin
DOID:3083	DB00860	labeledin
DOID:2377	DB00860	labeledin
DOID:8893	DB00860	labeledin
DOID:2355	DB00635	labeledin
DOID:13189	DB00635	labeledin
DOID:9008	DB00635	labeledin
DOID:7148	DB00635	labeledin
DOID:2841	DB00635	labeledin
DOID:8577	DB00635	labeledin
DOID:3310	DB00635	labeledin
DOID:2531	DB00635	labeledin
DOID:9074	DB00635	labeledin
DOID:8893	DB00635	labeledin
DOID:7147	DB00635	labeledin
DOID:1826	DB00794	labeledin
DOID:13189	DB01032	labeledin
DOID:12361	DB00550	labeledin
DOID:6364	DB00953	labeledin
DOID:2841	DB00471	labeledin
DOID:12849	DB01238	labeledin
DOID:3312	DB01238	labeledin
DOID:12365	DB00468	labeledin
DOID:12365	DB00908	labeledin
DOID:12365	DB01346	labeledin
DOID:8577	DB00795	labeledin
DOID:7148	DB00795	labeledin
DOID:8893	DB00936	labeledin
DOID:8893	DB01294	labeledin
DOID:8893	DB01397	labeledin
DOID:8893	DB01398	labeledin
DOID:8893	DB01401	labeledin
DOID:1595	DB01037	labeledin
DOID:14330	DB01037	labeledin
DOID:8986	DB01440	labeledin
DOID:2355	DB00513	labeledin
DOID:10763	DB00421	labeledin
DOID:0050425	DB00268	medi_hps
DOID:0050425	DB00413	medi_hps
DOID:0050425	DB00564	medi_hps
DOID:0050425	DB00575	medi_lps
DOID:0050425	DB00647	medi_lps
DOID:0050425	DB00829	medi_lps
DOID:0050425	DB00988	medi_lps
DOID:0050425	DB00996	medi_lps
DOID:0050425	DB01068	medi_hps
DOID:0050425	DB01186	medi_lps
DOID:0050425	DB01235	medi_lps
DOID:0050425	DB01367	medi_lps
DOID:0050425	DB03894	medi_lps
DOID:0050425	DB05271	medi_lps
DOID:0060073	DB00291	medi_lps
DOID:0060073	DB00888	medi_hps
DOID:1024	DB00201	medi_lps
DOID:1024	DB00250	medi_hps
DOID:1024	DB00615	medi_lps
DOID:1024	DB00848	medi_lps
DOID:1024	DB01045	medi_hps
DOID:10283	DB00014	medi_hps
DOID:10283	DB00158	medi_lps
DOID:10283	DB00179	medi_lps
DOID:10283	DB00220	medi_lps
DOID:10283	DB00258	medi_lps
DOID:10283	DB00281	medi_lps
DOID:10283	DB00286	medi_lps
DOID:10283	DB00331	medi_lps
DOID:10283	DB00371	medi_lps
DOID:10283	DB00399	medi_hps
DOID:10283	DB00421	medi_lps
DOID:10283	DB00445	medi_hps
DOID:10283	DB00499	medi_hps
DOID:10283	DB00513	medi_hps
DOID:10283	DB00544	medi_lps
DOID:10283	DB00554	medi_lps
DOID:10283	DB00621	medi_lps
DOID:10283	DB00655	medi_hps
DOID:10283	DB00665	medi_hps
DOID:10283	DB00727	medi_lps
DOID:10283	DB00773	medi_hps
DOID:10283	DB00783	medi_hps
DOID:10283	DB00888	medi_lps
DOID:10283	DB00977	medi_hps
DOID:10283	DB00997	medi_hps
DOID:10283	DB01005	medi_hps
DOID:10283	DB01042	medi_lps
DOID:10283	DB01196	medi_hps
DOID:10283	DB01204	medi_hps
DOID:10283	DB01216	medi_hps
DOID:10283	DB01248	medi_hps
DOID:10283	DB01254	medi_lps
DOID:10283	DB01268	medi_lps
DOID:10283	DB01645	medi_lps
DOID:10283	DB04216	medi_lps
DOID:10283	DB04574	medi_lps
DOID:10283	DB05251	medi_lps
DOID:10283	DB05291	medi_lps
DOID:10283	DB05318	medi_lps
DOID:10283	DB05812	medi_hps
DOID:10283	DB06699	medi_hps
DOID:10283	DB06710	medi_lps
DOID:10283	DB06772	medi_hps
DOID:10283	DB06800	medi_lps
DOID:10283	DB08866	medi_hps
DOID:10283	DB08871	medi_lps
DOID:10534	DB00305	medi_hps
DOID:10534	DB00322	medi_hps
DOID:10534	DB00445	medi_hps
DOID:10534	DB00544	medi_hps
DOID:10534	DB00563	medi_hps
DOID:10534	DB00762	medi_hps
DOID:10534	DB00997	medi_hps
DOID:10534	DB01101	medi_hps
DOID:10534	DB01248	medi_hps
DOID:10534	DB01590	medi_lps
DOID:10534	DB05318	medi_lps
DOID:10534	DB08828	medi_lps
DOID:10608	DB00158	medi_lps
DOID:10608	DB01223	medi_lps
DOID:10608	DB09020	medi_lps
DOID:10652	DB00135	medi_lps
DOID:10652	DB00143	medi_lps
DOID:10652	DB00177	medi_lps
DOID:10652	DB00201	medi_lps
DOID:10652	DB00250	medi_lps
DOID:10652	DB00289	medi_lps
DOID:10652	DB00307	medi_lps
DOID:10652	DB00313	medi_hps
DOID:10652	DB00316	medi_lps
DOID:10652	DB00410	medi_lps
DOID:10652	DB00470	medi_lps
DOID:10652	DB00502	medi_lps
DOID:10652	DB00619	medi_lps
DOID:10652	DB00624	medi_lps
DOID:10652	DB00671	medi_lps
DOID:10652	DB00674	medi_hps
DOID:10652	DB00714	medi_lps
DOID:10652	DB00742	medi_lps
DOID:10652	DB00770	medi_lps
DOID:10652	DB00831	medi_lps
DOID:10652	DB00945	medi_lps
DOID:10652	DB00981	medi_lps
DOID:10652	DB00989	medi_hps
DOID:10652	DB01037	medi_hps
DOID:10652	DB01043	medi_hps
DOID:10652	DB01115	medi_lps
DOID:10652	DB01224	medi_lps
DOID:10652	DB01394	medi_lps
DOID:10652	DB01420	medi_lps
DOID:10652	DB01638	medi_lps
DOID:10652	DB01708	medi_lps
DOID:10652	DB02701	medi_lps
DOID:10652	DB03128	medi_lps
DOID:10652	DB03839	medi_lps
DOID:10652	DB04375	medi_lps
DOID:10652	DB04789	medi_lps
DOID:10652	DB04815	medi_lps
DOID:10652	DB06710	medi_lps
DOID:10652	DB07768	medi_lps
DOID:10652	DB08167	medi_lps
DOID:10652	DB08995	medi_lps
DOID:10763	DB00035	medi_lps
DOID:10763	DB00091	medi_lps
DOID:10763	DB00122	medi_lps
DOID:10763	DB00125	medi_lps
DOID:10763	DB00126	medi_lps
DOID:10763	DB00153	medi_lps
DOID:10763	DB00158	medi_lps
DOID:10763	DB00169	medi_lps
DOID:10763	DB00175	medi_lps
DOID:10763	DB00177	medi_hps
DOID:10763	DB00178	medi_hps
DOID:10763	DB00191	medi_lps
DOID:10763	DB00201	medi_lps
DOID:10763	DB00203	medi_hps
DOID:10763	DB00206	medi_hps
DOID:10763	DB00214	medi_hps
DOID:10763	DB00240	medi_lps
DOID:10763	DB00254	medi_lps
DOID:10763	DB00258	medi_lps
DOID:10763	DB00275	medi_hps
DOID:10763	DB00287	medi_lps
DOID:10763	DB00292	medi_lps
DOID:10763	DB00343	medi_hps
DOID:10763	DB00350	medi_hps
DOID:10763	DB00360	medi_lps
DOID:10763	DB00373	medi_hps
DOID:10763	DB00374	medi_hps
DOID:10763	DB00384	medi_hps
DOID:10763	DB00396	medi_lps
DOID:10763	DB00421	medi_hps
DOID:10763	DB00435	medi_hps
DOID:10763	DB00451	medi_lps
DOID:10763	DB00457	medi_hps
DOID:10763	DB00484	medi_lps
DOID:10763	DB00492	medi_hps
DOID:10763	DB00509	medi_lps
DOID:10763	DB00519	medi_hps
DOID:10763	DB00542	medi_hps
DOID:10763	DB00559	medi_hps
DOID:10763	DB00575	medi_hps
DOID:10763	DB00584	medi_hps
DOID:10763	DB00594	medi_hps
DOID:10763	DB00619	medi_lps
DOID:10763	DB00624	medi_lps
DOID:10763	DB00629	medi_hps
DOID:10763	DB00633	medi_lps
DOID:10763	DB00654	medi_lps
DOID:10763	DB00678	medi_hps
DOID:10763	DB00691	medi_hps
DOID:10763	DB00692	medi_hps
DOID:10763	DB00695	medi_hps
DOID:10763	DB00700	medi_hps
DOID:10763	DB00706	medi_lps
DOID:10763	DB00722	medi_hps
DOID:10763	DB00727	medi_hps
DOID:10763	DB00741	medi_lps
DOID:10763	DB00761	medi_lps
DOID:10763	DB00765	medi_hps
DOID:10763	DB00770	medi_hps
DOID:10763	DB00774	medi_hps
DOID:10763	DB00783	medi_lps
DOID:10763	DB00790	medi_hps
DOID:10763	DB00796	medi_hps
DOID:10763	DB00797	medi_hps
DOID:10763	DB00820	medi_hps
DOID:10763	DB00829	medi_lps
DOID:10763	DB00852	medi_lps
DOID:10763	DB00860	medi_lps
DOID:10763	DB00869	medi_lps
DOID:10763	DB00876	medi_hps
DOID:10763	DB00880	medi_hps
DOID:10763	DB00881	medi_hps
DOID:10763	DB00887	medi_hps
DOID:10763	DB00898	medi_lps
DOID:10763	DB00903	medi_hps
DOID:10763	DB00905	medi_lps
DOID:10763	DB00945	medi_hps
DOID:10763	DB00966	medi_hps
DOID:10763	DB00968	medi_hps
DOID:10763	DB00973	medi_lps
DOID:10763	DB00975	medi_lps
DOID:10763	DB00999	medi_hps
DOID:10763	DB01017	medi_lps
DOID:10763	DB01018	medi_hps
DOID:10763	DB01029	medi_hps
DOID:10763	DB01037	medi_lps
DOID:10763	DB01039	medi_lps
DOID:10763	DB01076	medi_hps
DOID:10763	DB01083	medi_hps
DOID:10763	DB01085	medi_lps
DOID:10763	DB01086	medi_lps
DOID:10763	DB01098	medi_lps
DOID:10763	DB01115	medi_hps
DOID:10763	DB01119	medi_hps
DOID:10763	DB01124	medi_lps
DOID:10763	DB01160	medi_lps
DOID:10763	DB01174	medi_lps
DOID:10763	DB01179	medi_lps
DOID:10763	DB01194	medi_lps
DOID:10763	DB01197	medi_hps
DOID:10763	DB01210	medi_lps
DOID:10763	DB01229	medi_lps
DOID:10763	DB01240	medi_hps
DOID:10763	DB01268	medi_lps
DOID:10763	DB01275	medi_hps
DOID:10763	DB01303	medi_lps
DOID:10763	DB01346	medi_lps
DOID:10763	DB01359	medi_hps
DOID:10763	DB01364	medi_lps
DOID:10763	DB01401	medi_lps
DOID:10763	DB01420	medi_lps
DOID:10763	DB01583	medi_lps
DOID:10763	DB01904	medi_lps
DOID:10763	DB01956	medi_lps
DOID:10763	DB02032	medi_hps
DOID:10763	DB02110	medi_lps
DOID:10763	DB02176	medi_lps
DOID:10763	DB02577	medi_lps
DOID:10763	DB02692	medi_lps
DOID:10763	DB03166	medi_lps
DOID:10763	DB03918	medi_lps
DOID:10763	DB03934	medi_lps
DOID:10763	DB04027	medi_lps
DOID:10763	DB04573	medi_lps
DOID:10763	DB04996	medi_lps
DOID:10763	DB05296	medi_lps
DOID:10763	DB05428	medi_lps
DOID:10763	DB06207	medi_lps
DOID:10763	DB06710	medi_lps
DOID:10763	DB07702	medi_lps
DOID:10763	DB07768	medi_lps
DOID:10763	DB07886	medi_lps
DOID:10871	DB00137	medi_lps
DOID:10871	DB00158	medi_lps
DOID:10871	DB00653	medi_lps
DOID:10871	DB00693	medi_lps
DOID:10871	DB00761	medi_lps
DOID:10871	DB05088	medi_lps
DOID:1094	DB00182	medi_lps
DOID:1094	DB00289	medi_lps
DOID:1094	DB00422	medi_lps
DOID:1094	DB00442	medi_lps
DOID:1094	DB00529	medi_lps
DOID:1094	DB00537	medi_lps
DOID:1094	DB00549	medi_lps
DOID:1094	DB00575	medi_lps
DOID:1094	DB00787	medi_lps
DOID:1094	DB00790	medi_lps
DOID:1094	DB00880	medi_lps
DOID:1094	DB00920	medi_lps
DOID:1094	DB00959	medi_lps
DOID:1094	DB00988	medi_lps
DOID:1094	DB01018	medi_lps
DOID:1094	DB01151	medi_lps
DOID:1094	DB01255	medi_lps
DOID:1094	DB01576	medi_lps
DOID:1094	DB01577	medi_lps
DOID:1094	DB05347	medi_lps
DOID:1094	DB05488	medi_lps
DOID:1094	DB06701	medi_lps
DOID:10976	DB00091	medi_lps
DOID:11054	DB00201	medi_lps
DOID:11054	DB00305	medi_hps
DOID:11054	DB00385	medi_hps
DOID:11054	DB00441	medi_hps
DOID:11054	DB00445	medi_hps
DOID:11054	DB00544	medi_hps
DOID:11054	DB00563	medi_lps
DOID:11054	DB00570	medi_lps
DOID:11054	DB00773	medi_hps
DOID:11054	DB00958	medi_hps
DOID:11054	DB00997	medi_hps
DOID:11054	DB01229	medi_lps
DOID:11054	DB04572	medi_hps
DOID:11119	DB00246	medi_hps
DOID:11119	DB00334	medi_hps
DOID:11119	DB00470	medi_lps
DOID:11119	DB00502	medi_hps
DOID:11119	DB00575	medi_hps
DOID:11119	DB00668	medi_lps
DOID:11119	DB00734	medi_hps
DOID:11119	DB00807	medi_lps
DOID:11119	DB00850	medi_hps
DOID:11119	DB01100	medi_hps
DOID:11119	DB01104	medi_lps
DOID:11119	DB01186	medi_hps
DOID:11119	DB01202	medi_lps
DOID:11119	DB01224	medi_lps
DOID:11119	DB08567	medi_lps
DOID:1115	DB00361	medi_lps
DOID:1115	DB00445	medi_hps
DOID:1115	DB00523	medi_lps
DOID:1115	DB00541	medi_hps
DOID:1115	DB00563	medi_lps
DOID:1115	DB00619	medi_lps
DOID:1115	DB00675	medi_lps
DOID:1115	DB00738	medi_lps
DOID:1115	DB00755	medi_lps
DOID:1115	DB00773	medi_hps
DOID:1115	DB00851	medi_hps
DOID:1115	DB00958	medi_lps
DOID:1115	DB00970	medi_hps
DOID:1115	DB00982	medi_lps
DOID:1115	DB00997	medi_hps
DOID:1115	DB01030	medi_lps
DOID:1115	DB01042	medi_hps
DOID:1115	DB01157	medi_lps
DOID:1115	DB01204	medi_hps
DOID:1115	DB01229	medi_lps
DOID:1115	DB04572	medi_hps
DOID:1115	DB06589	medi_lps
DOID:11476	DB00136	medi_lps
DOID:11476	DB00153	medi_hps
DOID:11476	DB00162	medi_lps
DOID:11476	DB00169	medi_hps
DOID:11476	DB00258	medi_hps
DOID:11476	DB00282	medi_lps
DOID:11476	DB00286	medi_hps
DOID:11476	DB00371	medi_lps
DOID:11476	DB00399	medi_hps
DOID:11476	DB00481	medi_hps
DOID:11476	DB00583	medi_lps
DOID:11476	DB00621	medi_hps
DOID:11476	DB00624	medi_lps
DOID:11476	DB00630	medi_hps
DOID:11476	DB00655	medi_lps
DOID:11476	DB00710	medi_hps
DOID:11476	DB00717	medi_hps
DOID:11476	DB00741	medi_lps
DOID:11476	DB00783	medi_hps
DOID:11476	DB00860	medi_lps
DOID:11476	DB00884	medi_hps
DOID:11476	DB00957	medi_lps
DOID:11476	DB00988	medi_lps
DOID:11476	DB00999	medi_lps
DOID:11476	DB01077	medi_hps
DOID:11476	DB01380	medi_lps
DOID:11476	DB01420	medi_lps
DOID:11476	DB01494	medi_lps
DOID:11476	DB01783	medi_hps
DOID:11476	DB01904	medi_lps
DOID:11476	DB02300	medi_lps
DOID:11476	DB02648	medi_lps
DOID:11476	DB04455	medi_lps
DOID:11476	DB04574	medi_hps
DOID:11476	DB05314	medi_lps
DOID:11476	DB06710	medi_hps
DOID:11476	DB07768	medi_lps
DOID:11476	DB07886	medi_lps
DOID:11612	DB00331	medi_lps
DOID:11612	DB00421	medi_lps
DOID:11612	DB00499	medi_lps
DOID:11612	DB03106	medi_lps
DOID:11714	DB00331	medi_lps
DOID:11714	DB00396	medi_lps
DOID:1192	DB00444	medi_lps
DOID:1192	DB00445	medi_hps
DOID:1192	DB00523	medi_hps
DOID:1192	DB00541	medi_hps
DOID:1192	DB00619	medi_lps
DOID:1192	DB00755	medi_hps
DOID:1192	DB00773	medi_hps
DOID:1192	DB00851	medi_hps
DOID:1192	DB00958	medi_lps
DOID:1192	DB00970	medi_hps
DOID:1192	DB00982	medi_hps
DOID:1192	DB00997	medi_hps
DOID:1192	DB01030	medi_hps
DOID:1192	DB01042	medi_hps
DOID:11934	DB00544	medi_hps
DOID:11934	DB00570	medi_hps
DOID:11934	DB01005	medi_hps
DOID:11934	DB01085	medi_hps
DOID:11934	DB01248	medi_hps
DOID:12236	DB00859	medi_hps
DOID:12236	DB00907	medi_lps
DOID:12236	DB01394	medi_hps
DOID:12236	DB01586	medi_hps
DOID:12236	DB06777	medi_hps
DOID:12306	DB00337	medi_lps
DOID:12306	DB00553	medi_hps
DOID:12306	DB00600	medi_hps
DOID:12306	DB00864	medi_lps
DOID:12306	DB01013	medi_lps
DOID:12306	DB01775	medi_lps
DOID:12306	DB02362	medi_lps
DOID:12361	DB00451	medi_lps
DOID:12361	DB00509	medi_lps
DOID:12361	DB00550	medi_lps
DOID:12361	DB00770	medi_lps
DOID:12361	DB01583	medi_lps
DOID:12365	DB00162	medi_lps
DOID:12365	DB00205	medi_hps
DOID:12365	DB00250	medi_hps
DOID:12365	DB00254	medi_hps
DOID:12365	DB00359	medi_hps
DOID:12365	DB00468	medi_hps
DOID:12365	DB00595	medi_lps
DOID:12365	DB00759	medi_lps
DOID:12365	DB00806	medi_hps
DOID:12365	DB00908	medi_hps
DOID:12365	DB00936	medi_lps
DOID:12365	DB01024	medi_lps
DOID:12365	DB01117	medi_lps
DOID:12365	DB01131	medi_hps
DOID:12365	DB01190	medi_hps
DOID:12365	DB01294	medi_lps
DOID:12365	DB01346	medi_hps
DOID:12365	DB01397	medi_lps
DOID:12365	DB01398	medi_lps
DOID:12365	DB01401	medi_lps
DOID:12365	DB02110	medi_lps
DOID:12365	DB02577	medi_lps
DOID:12365	DB03934	medi_lps
DOID:12365	DB06697	medi_hps
DOID:12365	DB08167	medi_lps
DOID:12849	DB00360	medi_lps
DOID:12849	DB00734	medi_hps
DOID:12849	DB00741	medi_lps
DOID:12849	DB00860	medi_lps
DOID:12849	DB00988	medi_lps
DOID:12849	DB01202	medi_lps
DOID:12849	DB01224	medi_hps
DOID:12849	DB01238	medi_hps
DOID:12849	DB02692	medi_lps
DOID:12849	DB03766	medi_lps
DOID:12849	DB03918	medi_lps
DOID:12849	DB05436	medi_lps
DOID:12849	DB06151	medi_lps
DOID:12849	DB07886	medi_lps
DOID:12930	DB00981	medi_lps
DOID:12995	DB00227	medi_lps
DOID:12995	DB00445	medi_lps
DOID:12995	DB00477	medi_lps
DOID:12995	DB00502	medi_hps
DOID:12995	DB00621	medi_lps
DOID:12995	DB00627	medi_lps
DOID:12995	DB00727	medi_lps
DOID:12995	DB00734	medi_hps
DOID:12995	DB00831	medi_lps
DOID:12995	DB00997	medi_lps
DOID:12995	DB01060	medi_lps
DOID:12995	DB01168	medi_lps
DOID:12995	DB01216	medi_lps
DOID:12995	DB01236	medi_lps
DOID:12995	DB04665	medi_lps
DOID:1312	DB00091	medi_hps
DOID:13189	DB00126	medi_lps
DOID:13189	DB00201	medi_lps
DOID:13189	DB00316	medi_lps
DOID:13189	DB00328	medi_hps
DOID:13189	DB00338	medi_lps
DOID:13189	DB00388	medi_lps
DOID:13189	DB00415	medi_lps
DOID:13189	DB00437	medi_hps
DOID:13189	DB00443	medi_lps
DOID:13189	DB00497	medi_lps
DOID:13189	DB00554	medi_lps
DOID:13189	DB00586	medi_lps
DOID:13189	DB00620	medi_lps
DOID:13189	DB00635	medi_lps
DOID:13189	DB00669	medi_lps
DOID:13189	DB00736	medi_lps
DOID:13189	DB00741	medi_hps
DOID:13189	DB00788	medi_hps
DOID:13189	DB00852	medi_lps
DOID:13189	DB00860	medi_hps
DOID:13189	DB00927	medi_lps
DOID:13189	DB00935	medi_lps
DOID:13189	DB00945	medi_hps
DOID:13189	DB00956	medi_lps
DOID:13189	DB00959	medi_lps
DOID:13189	DB00985	medi_lps
DOID:13189	DB01032	medi_hps
DOID:13189	DB01075	medi_lps
DOID:13189	DB01234	medi_lps
DOID:13189	DB01364	medi_lps
DOID:13189	DB01394	medi_hps
DOID:13189	DB02772	medi_lps
DOID:13189	DB07886	medi_hps
DOID:13189	DB08298	medi_hps
DOID:13189	DB08797	medi_lps
DOID:1319	DB00240	medi_lps
DOID:1319	DB00262	medi_hps
DOID:1319	DB00443	medi_hps
DOID:1319	DB00470	medi_lps
DOID:1319	DB00541	medi_lps
DOID:1319	DB00583	medi_lps
DOID:1319	DB00620	medi_lps
DOID:1319	DB00675	medi_lps
DOID:1319	DB00693	medi_lps
DOID:1319	DB00741	medi_lps
DOID:1319	DB00742	medi_lps
DOID:1319	DB00773	medi_hps
DOID:1319	DB00834	medi_hps
DOID:1319	DB00853	medi_hps
DOID:1319	DB00860	medi_lps
DOID:1319	DB00958	medi_hps
DOID:1319	DB00959	medi_lps
DOID:1319	DB01005	medi_hps
DOID:1319	DB01030	medi_lps
DOID:1319	DB01168	medi_hps
DOID:1319	DB01206	medi_hps
DOID:1319	DB01234	medi_hps
DOID:1319	DB01590	medi_lps
DOID:1319	DB01638	medi_lps
DOID:1319	DB02546	medi_lps
DOID:1319	DB02648	medi_lps
DOID:1319	DB07886	medi_lps
DOID:13223	DB00014	medi_lps
DOID:13223	DB00050	medi_lps
DOID:13223	DB00248	medi_lps
DOID:13223	DB00302	medi_lps
DOID:13223	DB00367	medi_lps
DOID:13223	DB00666	medi_lps
DOID:13223	DB00783	medi_lps
DOID:13223	DB05366	medi_lps
DOID:1324	DB00104	medi_lps
DOID:1324	DB00305	medi_lps
DOID:1324	DB00317	medi_hps
DOID:1324	DB00361	medi_hps
DOID:1324	DB00441	medi_hps
DOID:1324	DB00530	medi_hps
DOID:1324	DB00570	medi_hps
DOID:1324	DB00642	medi_hps
DOID:1324	DB00762	medi_hps
DOID:1324	DB00773	medi_hps
DOID:1324	DB01005	medi_hps
DOID:1324	DB01030	medi_hps
DOID:1324	DB01168	medi_hps
DOID:1324	DB01229	medi_hps
DOID:1324	DB01248	medi_hps
DOID:1324	DB01268	medi_lps
DOID:1324	DB05294	medi_lps
DOID:1324	DB06589	medi_lps
DOID:1324	DB08700	medi_hps
DOID:1324	DB08764	medi_lps
DOID:1324	DB08828	medi_lps
DOID:1324	DB08865	medi_hps
DOID:1324	DB08871	medi_lps
DOID:13378	DB00201	medi_lps
DOID:13378	DB00316	medi_lps
DOID:13378	DB00371	medi_lps
DOID:13378	DB00388	medi_lps
DOID:13378	DB00497	medi_lps
DOID:13378	DB00514	medi_lps
DOID:13378	DB00647	medi_lps
DOID:13378	DB00852	medi_lps
DOID:13378	DB00945	medi_hps
DOID:13378	DB00956	medi_lps
DOID:13378	DB00985	medi_lps
DOID:13378	DB01075	medi_lps
DOID:13378	DB01364	medi_lps
DOID:13378	DB01390	medi_lps
DOID:13378	DB01551	medi_lps
DOID:13378	DB05436	medi_lps
DOID:13378	DB06151	medi_lps
DOID:13378	DB08797	medi_lps
DOID:14227	DB01006	medi_lps
DOID:14330	DB00135	medi_lps
DOID:14330	DB00143	medi_lps
DOID:14330	DB00148	medi_lps
DOID:14330	DB00190	medi_hps
DOID:14330	DB00201	medi_lps
DOID:14330	DB00206	medi_lps
DOID:14330	DB00233	medi_lps
DOID:14330	DB00245	medi_hps
DOID:14330	DB00248	medi_hps
DOID:14330	DB00250	medi_lps
DOID:14330	DB00268	medi_hps
DOID:14330	DB00281	medi_lps
DOID:14330	DB00316	medi_lps
DOID:14330	DB00323	medi_hps
DOID:14330	DB00388	medi_lps
DOID:14330	DB00413	medi_hps
DOID:14330	DB00424	medi_hps
DOID:14330	DB00470	medi_lps
DOID:14330	DB00494	medi_hps
DOID:14330	DB00514	medi_lps
DOID:14330	DB00572	medi_hps
DOID:14330	DB00627	medi_lps
DOID:14330	DB00714	medi_hps
DOID:14330	DB00741	medi_lps
DOID:14330	DB00759	medi_lps
DOID:14330	DB00780	medi_lps
DOID:14330	DB00852	medi_lps
DOID:14330	DB00909	medi_lps
DOID:14330	DB00945	medi_lps
DOID:14330	DB00956	medi_lps
DOID:14330	DB00968	medi_lps
DOID:14330	DB00985	medi_hps
DOID:14330	DB00988	medi_lps
DOID:14330	DB00989	medi_hps
DOID:14330	DB01035	medi_lps
DOID:14330	DB01037	medi_hps
DOID:14330	DB01065	medi_lps
DOID:14330	DB01075	medi_hps
DOID:14330	DB01174	medi_lps
DOID:14330	DB01184	medi_lps
DOID:14330	DB01186	medi_hps
DOID:14330	DB01200	medi_hps
DOID:14330	DB01235	medi_hps
DOID:14330	DB01346	medi_lps
DOID:14330	DB01364	medi_lps
DOID:14330	DB01367	medi_hps
DOID:14330	DB01438	medi_lps
DOID:14330	DB01440	medi_lps
DOID:14330	DB02000	medi_lps
DOID:14330	DB03839	medi_lps
DOID:14330	DB03894	medi_hps
DOID:14330	DB04815	medi_lps
DOID:14330	DB05271	medi_hps
DOID:14330	DB05291	medi_lps
DOID:14330	DB06723	medi_lps
DOID:14330	DB07886	medi_lps
DOID:14330	DB08167	medi_lps
DOID:14330	DB08842	medi_lps
DOID:1459	DB00175	medi_lps
DOID:1459	DB00227	medi_lps
DOID:1459	DB00258	medi_lps
DOID:1459	DB00279	medi_hps
DOID:1459	DB00451	medi_hps
DOID:1459	DB00454	medi_lps
DOID:1459	DB00509	medi_hps
DOID:1459	DB00550	medi_lps
DOID:1459	DB00627	medi_lps
DOID:1459	DB00641	medi_lps
DOID:1459	DB00872	medi_lps
DOID:1459	DB00973	medi_lps
DOID:1459	DB01010	medi_lps
DOID:1459	DB01039	medi_lps
DOID:1459	DB01076	medi_lps
DOID:1459	DB01098	medi_lps
DOID:1459	DB01241	medi_lps
DOID:1459	DB01583	medi_hps
DOID:1595	DB00143	medi_lps
DOID:1595	DB00159	medi_lps
DOID:1595	DB00176	medi_hps
DOID:1595	DB00215	medi_hps
DOID:1595	DB00246	medi_lps
DOID:1595	DB00313	medi_hps
DOID:1595	DB00321	medi_lps
DOID:1595	DB00327	medi_lps
DOID:1595	DB00334	medi_lps
DOID:1595	DB00368	medi_lps
DOID:1595	DB00413	medi_lps
DOID:1595	DB00422	medi_lps
DOID:1595	DB00424	medi_lps
DOID:1595	DB00433	medi_lps
DOID:1595	DB00451	medi_lps
DOID:1595	DB00458	medi_hps
DOID:1595	DB00476	medi_hps
DOID:1595	DB00509	medi_lps
DOID:1595	DB00540	medi_hps
DOID:1595	DB00564	medi_lps
DOID:1595	DB00572	medi_lps
DOID:1595	DB00655	medi_lps
DOID:1595	DB00656	medi_hps
DOID:1595	DB00715	medi_hps
DOID:1595	DB00741	medi_lps
DOID:1595	DB00747	medi_lps
DOID:1595	DB00780	medi_lps
DOID:1595	DB00813	medi_lps
DOID:1595	DB00831	medi_lps
DOID:1595	DB00850	medi_lps
DOID:1595	DB00860	medi_lps
DOID:1595	DB00921	medi_lps
DOID:1595	DB00985	medi_lps
DOID:1595	DB01037	medi_hps
DOID:1595	DB01075	medi_lps
DOID:1595	DB01104	medi_hps
DOID:1595	DB01149	medi_lps
DOID:1595	DB01175	medi_hps
DOID:1595	DB01224	medi_lps
DOID:1595	DB01238	medi_hps
DOID:1595	DB01247	medi_lps
DOID:1595	DB01255	medi_lps
DOID:1595	DB01440	medi_lps
DOID:1595	DB01583	medi_lps
DOID:1595	DB02959	medi_lps
DOID:1595	DB06684	medi_hps
DOID:1595	DB06701	medi_lps
DOID:1595	DB07886	medi_lps
DOID:1595	DB08567	medi_hps
DOID:1612	DB00014	medi_hps
DOID:1612	DB00122	medi_lps
DOID:1612	DB00158	medi_lps
DOID:1612	DB00282	medi_hps
DOID:1612	DB00286	medi_lps
DOID:1612	DB00289	medi_lps
DOID:1612	DB00291	medi_hps
DOID:1612	DB00305	medi_lps
DOID:1612	DB00307	medi_lps
DOID:1612	DB00317	medi_lps
DOID:1612	DB00331	medi_lps
DOID:1612	DB00361	medi_hps
DOID:1612	DB00371	medi_lps
DOID:1612	DB00380	medi_hps
DOID:1612	DB00399	medi_hps
DOID:1612	DB00441	medi_hps
DOID:1612	DB00445	medi_hps
DOID:1612	DB00481	medi_hps
DOID:1612	DB00539	medi_hps
DOID:1612	DB00541	medi_lps
DOID:1612	DB00544	medi_hps
DOID:1612	DB00563	medi_hps
DOID:1612	DB00570	medi_hps
DOID:1612	DB00603	medi_hps
DOID:1612	DB00621	medi_lps
DOID:1612	DB00624	medi_hps
DOID:1612	DB00655	medi_hps
DOID:1612	DB00675	medi_hps
DOID:1612	DB00678	medi_lps
DOID:1612	DB00762	medi_hps
DOID:1612	DB00783	medi_hps
DOID:1612	DB00806	medi_lps
DOID:1612	DB00888	medi_lps
DOID:1612	DB00958	medi_hps
DOID:1612	DB00977	medi_hps
DOID:1612	DB00990	medi_hps
DOID:1612	DB00996	medi_lps
DOID:1612	DB00997	medi_hps
DOID:1612	DB01006	medi_hps
DOID:1612	DB01008	medi_lps
DOID:1612	DB01042	medi_hps
DOID:1612	DB01065	medi_lps
DOID:1612	DB01101	medi_hps
DOID:1612	DB01151	medi_lps
DOID:1612	DB01177	medi_hps
DOID:1612	DB01185	medi_hps
DOID:1612	DB01204	medi_hps
DOID:1612	DB01206	medi_lps
DOID:1612	DB01217	medi_hps
DOID:1612	DB01229	medi_hps
DOID:1612	DB01248	medi_hps
DOID:1612	DB01259	medi_hps
DOID:1612	DB01268	medi_lps
DOID:1612	DB01303	medi_lps
DOID:1612	DB01401	medi_lps
DOID:1612	DB01420	medi_hps
DOID:1612	DB01645	medi_lps
DOID:1612	DB02701	medi_lps
DOID:1612	DB02709	medi_lps
DOID:1612	DB04375	medi_lps
DOID:1612	DB04572	medi_hps
DOID:1612	DB04573	medi_lps
DOID:1612	DB04574	medi_lps
DOID:1612	DB04789	medi_lps
DOID:1612	DB04845	medi_hps
DOID:1612	DB05812	medi_lps
DOID:1612	DB06710	medi_hps
DOID:1612	DB07702	medi_lps
DOID:1612	DB07768	medi_hps
DOID:1612	DB08866	medi_hps
DOID:1612	DB08871	medi_hps
DOID:1686	DB00201	medi_lps
DOID:1686	DB00287	medi_hps
DOID:1686	DB00305	medi_hps
DOID:1686	DB00373	medi_hps
DOID:1686	DB00388	medi_hps
DOID:1686	DB00411	medi_hps
DOID:1686	DB00470	medi_lps
DOID:1686	DB00484	medi_hps
DOID:1686	DB00540	medi_lps
DOID:1686	DB00544	medi_lps
DOID:1686	DB00575	medi_hps
DOID:1686	DB00654	medi_hps
DOID:1686	DB00668	medi_hps
DOID:1686	DB00703	medi_hps
DOID:1686	DB00742	medi_hps
DOID:1686	DB00819	medi_hps
DOID:1686	DB00869	medi_hps
DOID:1686	DB00905	medi_hps
DOID:1686	DB00917	medi_lps
DOID:1686	DB00935	medi_lps
DOID:1686	DB00964	medi_hps
DOID:1686	DB00981	medi_hps
DOID:1686	DB00985	medi_lps
DOID:1686	DB01057	medi_hps
DOID:1686	DB01075	medi_lps
DOID:1686	DB01085	medi_hps
DOID:1686	DB01144	medi_hps
DOID:1686	DB01194	medi_hps
DOID:1686	DB01210	medi_hps
DOID:1686	DB01638	medi_hps
DOID:1686	DB03904	medi_hps
DOID:1686	DB08819	medi_lps
DOID:1725	DB00642	medi_lps
DOID:1781	DB00254	medi_lps
DOID:1781	DB00279	medi_hps
DOID:1781	DB00445	medi_hps
DOID:1781	DB00451	medi_hps
DOID:1781	DB00509	medi_hps
DOID:1781	DB00813	medi_lps
DOID:1781	DB00851	medi_lps
DOID:1781	DB00997	medi_hps
DOID:1781	DB01583	medi_hps
DOID:1781	DB05294	medi_hps
DOID:1781	DB08764	medi_hps
DOID:1790	DB00642	medi_lps
DOID:1793	DB00104	medi_hps
DOID:1793	DB00220	medi_lps
DOID:1793	DB00331	medi_lps
DOID:1793	DB00441	medi_hps
DOID:1793	DB00445	medi_hps
DOID:1793	DB00530	medi_hps
DOID:1793	DB00544	medi_hps
DOID:1793	DB00675	medi_hps
DOID:1793	DB00762	medi_hps
DOID:1793	DB00851	medi_hps
DOID:1793	DB00927	medi_lps
DOID:1793	DB00997	medi_hps
DOID:1793	DB01030	medi_lps
DOID:1793	DB01101	medi_lps
DOID:1793	DB01119	medi_lps
DOID:1793	DB01248	medi_hps
DOID:1793	DB01268	medi_hps
DOID:1793	DB04216	medi_lps
DOID:1793	DB04845	medi_lps
DOID:1793	DB05251	medi_lps
DOID:1793	DB08828	medi_lps
DOID:1793	DB08877	medi_lps
DOID:1826	DB00121	medi_lps
DOID:1826	DB00130	medi_lps
DOID:1826	DB00142	medi_lps
DOID:1826	DB00150	medi_lps
DOID:1826	DB00165	medi_lps
DOID:1826	DB00184	medi_lps
DOID:1826	DB00198	medi_lps
DOID:1826	DB00201	medi_lps
DOID:1826	DB00230	medi_hps
DOID:1826	DB00252	medi_hps
DOID:1826	DB00273	medi_hps
DOID:1826	DB00281	medi_lps
DOID:1826	DB00292	medi_hps
DOID:1826	DB00313	medi_hps
DOID:1826	DB00347	medi_hps
DOID:1826	DB00349	medi_hps
DOID:1826	DB00371	medi_lps
DOID:1826	DB00437	medi_lps
DOID:1826	DB00446	medi_lps
DOID:1826	DB00454	medi_lps
DOID:1826	DB00468	medi_lps
DOID:1826	DB00502	medi_lps
DOID:1826	DB00518	medi_lps
DOID:1826	DB00555	medi_hps
DOID:1826	DB00558	medi_lps
DOID:1826	DB00564	medi_hps
DOID:1826	DB00683	medi_hps
DOID:1826	DB00762	medi_lps
DOID:1826	DB00776	medi_hps
DOID:1826	DB00794	medi_hps
DOID:1826	DB00813	medi_lps
DOID:1826	DB00818	medi_hps
DOID:1826	DB00819	medi_hps
DOID:1826	DB00829	medi_hps
DOID:1826	DB00898	medi_lps
DOID:1826	DB00906	medi_hps
DOID:1826	DB00907	medi_lps
DOID:1826	DB00908	medi_lps
DOID:1826	DB00909	medi_hps
DOID:1826	DB00949	medi_hps
DOID:1826	DB00989	medi_lps
DOID:1826	DB00996	medi_hps
DOID:1826	DB00999	medi_lps
DOID:1826	DB01068	medi_hps
DOID:1826	DB01085	medi_lps
DOID:1826	DB01086	medi_lps
DOID:1826	DB01124	medi_lps
DOID:1826	DB01174	medi_hps
DOID:1826	DB01188	medi_lps
DOID:1826	DB01190	medi_lps
DOID:1826	DB01202	medi_hps
DOID:1826	DB01320	medi_hps
DOID:1826	DB01346	medi_hps
DOID:1826	DB01351	medi_hps
DOID:1826	DB01607	medi_lps
DOID:1826	DB02174	medi_lps
DOID:1826	DB02517	medi_lps
DOID:1826	DB03655	medi_lps
DOID:1826	DB04650	medi_lps
DOID:1826	DB04953	medi_lps
DOID:1826	DB05088	medi_lps
DOID:1826	DB05291	medi_lps
DOID:1826	DB06201	medi_hps
DOID:1826	DB06218	medi_lps
DOID:1826	DB06614	medi_lps
DOID:1826	DB06715	medi_lps
DOID:184	DB00399	medi_hps
DOID:184	DB00445	medi_hps
DOID:184	DB00563	medi_hps
DOID:184	DB00958	medi_hps
DOID:184	DB00997	medi_hps
DOID:184	DB01042	medi_lps
DOID:1909	DB00262	medi_hps
DOID:1909	DB00541	medi_lps
DOID:1909	DB00600	medi_lps
DOID:1909	DB00675	medi_lps
DOID:1909	DB00724	medi_lps
DOID:1909	DB00851	medi_hps
DOID:1909	DB00853	medi_hps
DOID:1909	DB00888	medi_lps
DOID:1909	DB00958	medi_lps
DOID:1909	DB00970	medi_hps
DOID:1909	DB01005	medi_hps
DOID:1909	DB01042	medi_hps
DOID:1909	DB01168	medi_hps
DOID:1909	DB01206	medi_hps
DOID:1909	DB01229	medi_lps
DOID:1909	DB01248	medi_hps
DOID:1909	DB02709	medi_lps
DOID:1909	DB08881	medi_hps
DOID:1936	DB00122	medi_lps
DOID:1936	DB00126	medi_lps
DOID:1936	DB00134	medi_lps
DOID:1936	DB00175	medi_hps
DOID:1936	DB00227	medi_hps
DOID:1936	DB00360	medi_lps
DOID:1936	DB00435	medi_lps
DOID:1936	DB00470	medi_lps
DOID:1936	DB00619	medi_lps
DOID:1936	DB00627	medi_hps
DOID:1936	DB00641	medi_hps
DOID:1936	DB00655	medi_lps
DOID:1936	DB00696	medi_lps
DOID:1936	DB00758	medi_hps
DOID:1936	DB00797	medi_hps
DOID:1936	DB00945	medi_lps
DOID:1936	DB00973	medi_hps
DOID:1936	DB01039	medi_lps
DOID:1936	DB01076	medi_lps
DOID:1936	DB01098	medi_hps
DOID:1936	DB01240	medi_hps
DOID:1936	DB01241	medi_lps
DOID:1936	DB01303	medi_lps
DOID:1936	DB01401	medi_lps
DOID:1936	DB01645	medi_lps
DOID:1936	DB01956	medi_lps
DOID:1936	DB02692	medi_lps
DOID:1936	DB02701	medi_hps
DOID:1936	DB02893	medi_lps
DOID:1936	DB03918	medi_lps
DOID:1936	DB08860	medi_lps
DOID:1993	DB00305	medi_lps
DOID:2043	DB00143	medi_lps
DOID:2043	DB00238	medi_lps
DOID:2043	DB00442	medi_hps
DOID:2043	DB00495	medi_lps
DOID:2043	DB00566	medi_lps
DOID:2043	DB00625	medi_lps
DOID:2043	DB00649	medi_lps
DOID:2043	DB00709	medi_hps
DOID:2043	DB00718	medi_hps
DOID:2043	DB00758	medi_lps
DOID:2043	DB00811	medi_lps
DOID:2043	DB01048	medi_lps
DOID:2043	DB01093	medi_lps
DOID:2043	DB01265	medi_hps
DOID:2043	DB04485	medi_hps
DOID:2043	DB08167	medi_lps
DOID:216	DB00281	medi_lps
DOID:216	DB00396	medi_lps
DOID:216	DB00721	medi_lps
DOID:216	DB00878	medi_lps
DOID:216	DB00907	medi_hps
DOID:216	DB01086	medi_lps
DOID:216	DB01904	medi_lps
DOID:216	DB01956	medi_lps
DOID:216	DB02513	medi_lps
DOID:216	DB02772	medi_lps
DOID:216	DB05291	medi_lps
DOID:2174	DB00230	medi_lps
DOID:2174	DB00541	medi_lps
DOID:2174	DB00921	medi_lps
DOID:2174	DB00958	medi_hps
DOID:2174	DB00970	medi_hps
DOID:2174	DB01030	medi_lps
DOID:219	DB00146	medi_lps
DOID:219	DB00162	medi_lps
DOID:219	DB00169	medi_lps
DOID:219	DB00331	medi_lps
DOID:219	DB00544	medi_hps
DOID:219	DB00650	medi_lps
DOID:219	DB00762	medi_hps
DOID:219	DB00848	medi_lps
DOID:219	DB01101	medi_hps
DOID:219	DB02709	medi_lps
DOID:219	DB03256	medi_lps
DOID:2355	DB00091	medi_lps
DOID:2355	DB00126	medi_hps
DOID:2355	DB00140	medi_lps
DOID:2355	DB00158	medi_hps
DOID:2355	DB00165	medi_hps
DOID:2355	DB00208	medi_lps
DOID:2355	DB00242	medi_lps
DOID:2355	DB00250	medi_lps
DOID:2355	DB00254	medi_lps
DOID:2355	DB00367	medi_lps
DOID:2355	DB00443	medi_lps
DOID:2355	DB00495	medi_lps
DOID:2355	DB00513	medi_lps
DOID:2355	DB00552	medi_lps
DOID:2355	DB00559	medi_lps
DOID:2355	DB00620	medi_lps
DOID:2355	DB00621	medi_lps
DOID:2355	DB00624	medi_lps
DOID:2355	DB00635	medi_lps
DOID:2355	DB00741	medi_lps
DOID:2355	DB00746	medi_lps
DOID:2355	DB00776	medi_lps
DOID:2355	DB00794	medi_lps
DOID:2355	DB00807	medi_lps
DOID:2355	DB00811	medi_lps
DOID:2355	DB00860	medi_lps
DOID:2355	DB00917	medi_lps
DOID:2355	DB00928	medi_lps
DOID:2355	DB00949	medi_hps
DOID:2355	DB00959	medi_lps
DOID:2355	DB00970	medi_lps
DOID:2355	DB01005	medi_lps
DOID:2355	DB01012	medi_lps
DOID:2355	DB01234	medi_lps
DOID:2355	DB01262	medi_hps
DOID:2355	DB01320	medi_lps
DOID:2355	DB01420	medi_lps
DOID:2355	DB01607	medi_lps
DOID:2355	DB01609	medi_lps
DOID:2355	DB02110	medi_lps
DOID:2355	DB02577	medi_lps
DOID:2355	DB03934	medi_lps
DOID:2355	DB04375	medi_lps
DOID:2355	DB04572	medi_lps
DOID:2355	DB04789	medi_lps
DOID:2355	DB05088	medi_lps
DOID:2355	DB06710	medi_lps
DOID:2355	DB07768	medi_lps
DOID:2355	DB07886	medi_lps
DOID:2355	DB08167	medi_hps
DOID:2355	DB08826	medi_hps
DOID:2377	DB00153	medi_lps
DOID:2377	DB00242	medi_hps
DOID:2377	DB00295	medi_lps
DOID:2377	DB00321	medi_lps
DOID:2377	DB00396	medi_lps
DOID:2377	DB00435	medi_lps
DOID:2377	DB00443	medi_lps
DOID:2377	DB00468	medi_lps
DOID:2377	DB00470	medi_lps
DOID:2377	DB00514	medi_hps
DOID:2377	DB00563	medi_hps
DOID:2377	DB00620	medi_lps
DOID:2377	DB00635	medi_hps
DOID:2377	DB00697	medi_hps
DOID:2377	DB00741	medi_lps
DOID:2377	DB00851	medi_lps
DOID:2377	DB00860	medi_hps
DOID:2377	DB00883	medi_lps
DOID:2377	DB00908	medi_lps
DOID:2377	DB00945	medi_lps
DOID:2377	DB00959	medi_hps
DOID:2377	DB00993	medi_hps
DOID:2377	DB00996	medi_lps
DOID:2377	DB01015	medi_lps
DOID:2377	DB01204	medi_hps
DOID:2377	DB01219	medi_hps
DOID:2377	DB01234	medi_lps
DOID:2377	DB01275	medi_lps
DOID:2377	DB01346	medi_lps
DOID:2377	DB01677	medi_lps
DOID:2377	DB04299	medi_lps
DOID:2377	DB04375	medi_lps
DOID:2377	DB04573	medi_lps
DOID:2377	DB04789	medi_lps
DOID:2377	DB05286	medi_hps
DOID:2377	DB06216	medi_lps
DOID:2377	DB06637	medi_hps
DOID:2377	DB07702	medi_lps
DOID:2377	DB07886	medi_lps
DOID:2377	DB08868	medi_hps
DOID:2394	DB00291	medi_hps
DOID:2394	DB00361	medi_hps
DOID:2394	DB00441	medi_lps
DOID:2394	DB00445	medi_hps
DOID:2394	DB00488	medi_hps
DOID:2394	DB00541	medi_lps
DOID:2394	DB00544	medi_lps
DOID:2394	DB00773	medi_lps
DOID:2394	DB00958	medi_hps
DOID:2394	DB00997	medi_hps
DOID:2394	DB01005	medi_hps
DOID:2394	DB01008	medi_lps
DOID:2394	DB01030	medi_hps
DOID:2394	DB01042	medi_hps
DOID:2394	DB01229	medi_hps
DOID:2394	DB01248	medi_hps
DOID:2394	DB01357	medi_hps
DOID:2394	DB04572	medi_lps
DOID:2531	DB00172	medi_lps
DOID:2531	DB00188	medi_hps
DOID:2531	DB00190	medi_lps
DOID:2531	DB00200	medi_lps
DOID:2531	DB00225	medi_lps
DOID:2531	DB00227	medi_lps
DOID:2531	DB00242	medi_hps
DOID:2531	DB00257	medi_lps
DOID:2531	DB00261	medi_hps
DOID:2531	DB00262	medi_hps
DOID:2531	DB00282	medi_hps
DOID:2531	DB00291	medi_hps
DOID:2531	DB00307	medi_hps
DOID:2531	DB00316	medi_lps
DOID:2531	DB00322	medi_lps
DOID:2531	DB00361	medi_hps
DOID:2531	DB00364	medi_lps
DOID:2531	DB00380	medi_lps
DOID:2531	DB00399	medi_hps
DOID:2531	DB00437	medi_lps
DOID:2531	DB00441	medi_hps
DOID:2531	DB00443	medi_lps
DOID:2531	DB00444	medi_hps
DOID:2531	DB00445	medi_hps
DOID:2531	DB00459	medi_lps
DOID:2531	DB00495	medi_lps
DOID:2531	DB00516	medi_lps
DOID:2531	DB00523	medi_hps
DOID:2531	DB00530	medi_lps
DOID:2531	DB00536	medi_lps
DOID:2531	DB00537	medi_lps
DOID:2531	DB00541	medi_hps
DOID:2531	DB00552	medi_hps
DOID:2531	DB00553	medi_hps
DOID:2531	DB00563	medi_hps
DOID:2531	DB00570	medi_hps
DOID:2531	DB00586	medi_lps
DOID:2531	DB00619	medi_hps
DOID:2531	DB00620	medi_lps
DOID:2531	DB00631	medi_hps
DOID:2531	DB00635	medi_hps
DOID:2531	DB00667	medi_lps
DOID:2531	DB00694	medi_hps
DOID:2531	DB00706	medi_lps
DOID:2531	DB00738	medi_lps
DOID:2531	DB00741	medi_lps
DOID:2531	DB00755	medi_hps
DOID:2531	DB00762	medi_hps
DOID:2531	DB00773	medi_hps
DOID:2531	DB00851	medi_hps
DOID:2531	DB00860	medi_hps
DOID:2531	DB00888	medi_hps
DOID:2531	DB00898	medi_lps
DOID:2531	DB00907	medi_lps
DOID:2531	DB00928	medi_lps
DOID:2531	DB00949	medi_lps
DOID:2531	DB00951	medi_lps
DOID:2531	DB00958	medi_lps
DOID:2531	DB00959	medi_lps
DOID:2531	DB00982	medi_hps
DOID:2531	DB00987	medi_hps
DOID:2531	DB00997	medi_hps
DOID:2531	DB01005	medi_hps
DOID:2531	DB01008	medi_hps
DOID:2531	DB01010	medi_lps
DOID:2531	DB01012	medi_lps
DOID:2531	DB01013	medi_lps
DOID:2531	DB01030	medi_lps
DOID:2531	DB01033	medi_hps
DOID:2531	DB01042	medi_hps
DOID:2531	DB01073	medi_hps
DOID:2531	DB01117	medi_lps
DOID:2531	DB01164	medi_lps
DOID:2531	DB01168	medi_hps
DOID:2531	DB01177	medi_hps
DOID:2531	DB01179	medi_lps
DOID:2531	DB01204	medi_hps
DOID:2531	DB01206	medi_hps
DOID:2531	DB01234	medi_lps
DOID:2531	DB01240	medi_lps
DOID:2531	DB01254	medi_hps
DOID:2531	DB01262	medi_lps
DOID:2531	DB01280	medi_hps
DOID:2531	DB01294	medi_lps
DOID:2531	DB01375	medi_lps
DOID:2531	DB01413	medi_lps
DOID:2531	DB01586	medi_lps
DOID:2531	DB01590	medi_lps
DOID:2531	DB01645	medi_lps
DOID:2531	DB01671	medi_lps
DOID:2531	DB02000	medi_lps
DOID:2531	DB02097	medi_hps
DOID:2531	DB02110	medi_lps
DOID:2531	DB02165	medi_lps
DOID:2531	DB02373	medi_lps
DOID:2531	DB02453	medi_lps
DOID:2531	DB02546	medi_hps
DOID:2531	DB02577	medi_lps
DOID:2531	DB02853	medi_lps
DOID:2531	DB03255	medi_lps
DOID:2531	DB03512	medi_lps
DOID:2531	DB03840	medi_lps
DOID:2531	DB03852	medi_lps
DOID:2531	DB03904	medi_lps
DOID:2531	DB03934	medi_lps
DOID:2531	DB04031	medi_lps
DOID:2531	DB04219	medi_lps
DOID:2531	DB04231	medi_lps
DOID:2531	DB04397	medi_lps
DOID:2531	DB04428	medi_lps
DOID:2531	DB04441	medi_hps
DOID:2531	DB04494	medi_lps
DOID:2531	DB04572	medi_hps
DOID:2531	DB04845	medi_lps
DOID:2531	DB04868	medi_lps
DOID:2531	DB05245	medi_lps
DOID:2531	DB05381	medi_lps
DOID:2531	DB05389	medi_lps
DOID:2531	DB05461	medi_lps
DOID:2531	DB05488	medi_lps
DOID:2531	DB05494	medi_hps
DOID:2531	DB05630	medi_lps
DOID:2531	DB05891	medi_lps
DOID:2531	DB06292	medi_lps
DOID:2531	DB06705	medi_lps
DOID:2531	DB06715	medi_lps
DOID:2531	DB06723	medi_lps
DOID:2531	DB06777	medi_lps
DOID:2531	DB06809	medi_hps
DOID:2531	DB07475	medi_hps
DOID:2531	DB07886	medi_lps
DOID:2531	DB08700	medi_lps
DOID:2531	DB08865	medi_lps
DOID:2531	DB08877	medi_hps
DOID:2531	DB08938	medi_lps
DOID:2531	DB08995	medi_lps
DOID:263	DB00398	medi_hps
DOID:263	DB00399	medi_lps
DOID:263	DB00445	medi_lps
DOID:263	DB00541	medi_hps
DOID:263	DB00544	medi_lps
DOID:263	DB00570	medi_hps
DOID:263	DB00603	medi_hps
DOID:263	DB00773	medi_lps
DOID:263	DB00888	medi_lps
DOID:263	DB00958	medi_lps
DOID:263	DB00970	medi_hps
DOID:263	DB00997	medi_lps
DOID:263	DB01005	medi_hps
DOID:263	DB01206	medi_hps
DOID:263	DB01268	medi_hps
DOID:263	DB01590	medi_hps
DOID:263	DB06287	medi_hps
DOID:263	DB06589	medi_hps
DOID:2841	DB00091	medi_lps
DOID:2841	DB00125	medi_lps
DOID:2841	DB00143	medi_lps
DOID:2841	DB00148	medi_lps
DOID:2841	DB00162	medi_lps
DOID:2841	DB00180	medi_hps
DOID:2841	DB00240	medi_lps
DOID:2841	DB00316	medi_lps
DOID:2841	DB00394	medi_hps
DOID:2841	DB00435	medi_lps
DOID:2841	DB00443	medi_hps
DOID:2841	DB00454	medi_lps
DOID:2841	DB00471	medi_hps
DOID:2841	DB00549	medi_hps
DOID:2841	DB00558	medi_lps
DOID:2841	DB00583	medi_lps
DOID:2841	DB00588	medi_hps
DOID:2841	DB00620	medi_hps
DOID:2841	DB00635	medi_hps
DOID:2841	DB00668	medi_hps
DOID:2841	DB00716	medi_hps
DOID:2841	DB00728	medi_lps
DOID:2841	DB00741	medi_hps
DOID:2841	DB00742	medi_lps
DOID:2841	DB00764	medi_hps
DOID:2841	DB00792	medi_lps
DOID:2841	DB00852	medi_hps
DOID:2841	DB00860	medi_hps
DOID:2841	DB00917	medi_lps
DOID:2841	DB00920	medi_hps
DOID:2841	DB00935	medi_lps
DOID:2841	DB00959	medi_hps
DOID:2841	DB00983	medi_hps
DOID:2841	DB01001	medi_hps
DOID:2841	DB01003	medi_hps
DOID:2841	DB01017	medi_lps
DOID:2841	DB01179	medi_lps
DOID:2841	DB01223	medi_hps
DOID:2841	DB01234	medi_hps
DOID:2841	DB01274	medi_hps
DOID:2841	DB01359	medi_lps
DOID:2841	DB01364	medi_hps
DOID:2841	DB01380	medi_lps
DOID:2841	DB01409	medi_hps
DOID:2841	DB01410	medi_hps
DOID:2841	DB01638	medi_lps
DOID:2841	DB01656	medi_lps
DOID:2841	DB01904	medi_lps
DOID:2841	DB02648	medi_lps
DOID:2841	DB03852	medi_lps
DOID:2841	DB04027	medi_lps
DOID:2841	DB04077	medi_lps
DOID:2841	DB04665	medi_lps
DOID:2841	DB05039	medi_hps
DOID:2841	DB05318	medi_lps
DOID:2841	DB05436	medi_lps
DOID:2841	DB06151	medi_lps
DOID:2841	DB07886	medi_hps
DOID:2841	DB08906	medi_hps
DOID:2986	DB00091	medi_lps
DOID:2986	DB00121	medi_lps
DOID:2986	DB00208	medi_lps
DOID:2986	DB00437	medi_lps
DOID:2986	DB00635	medi_lps
DOID:2986	DB00695	medi_lps
DOID:2986	DB00774	medi_lps
DOID:2986	DB00860	medi_lps
DOID:2986	DB00880	medi_lps
DOID:2986	DB00907	medi_lps
DOID:2986	DB00999	medi_lps
DOID:2986	DB01053	medi_lps
DOID:2986	DB04650	medi_lps
DOID:2994	DB00291	medi_lps
DOID:2994	DB00563	medi_lps
DOID:2994	DB00773	medi_hps
DOID:2994	DB00917	medi_lps
DOID:2994	DB00970	medi_hps
DOID:2998	DB00291	medi_hps
DOID:2998	DB00445	medi_hps
DOID:2998	DB00563	medi_hps
DOID:2998	DB00570	medi_hps
DOID:2998	DB00666	medi_lps
DOID:2998	DB00773	medi_hps
DOID:2998	DB00958	medi_hps
DOID:2998	DB00970	medi_hps
DOID:2998	DB00997	medi_hps
DOID:2998	DB01042	medi_lps
DOID:3070	DB00262	medi_hps
DOID:3070	DB00470	medi_lps
DOID:3070	DB00853	medi_hps
DOID:3070	DB01168	medi_lps
DOID:3083	DB00035	medi_lps
DOID:3083	DB00143	medi_lps
DOID:3083	DB00462	medi_lps
DOID:3083	DB00558	medi_lps
DOID:3083	DB00588	medi_lps
DOID:3083	DB00635	medi_hps
DOID:3083	DB00764	medi_lps
DOID:3083	DB00852	medi_lps
DOID:3083	DB00860	medi_hps
DOID:3083	DB00907	medi_lps
DOID:3083	DB00983	medi_hps
DOID:3083	DB00985	medi_lps
DOID:3083	DB01001	medi_hps
DOID:3083	DB01003	medi_lps
DOID:3083	DB01075	medi_lps
DOID:3083	DB01223	medi_hps
DOID:3083	DB01274	medi_hps
DOID:3083	DB01364	medi_lps
DOID:3083	DB01409	medi_hps
DOID:3083	DB01656	medi_hps
DOID:3083	DB04339	medi_lps
DOID:3083	DB05039	medi_lps
DOID:3083	DB05389	medi_lps
DOID:3083	DB05436	medi_hps
DOID:3083	DB06151	medi_hps
DOID:3277	DB00104	medi_hps
DOID:3277	DB00445	medi_lps
DOID:3277	DB00997	medi_lps
DOID:3310	DB00091	medi_lps
DOID:3310	DB00121	medi_lps
DOID:3310	DB00223	medi_lps
DOID:3310	DB00240	medi_lps
DOID:3310	DB00288	medi_lps
DOID:3310	DB00337	medi_hps
DOID:3310	DB00427	medi_hps
DOID:3310	DB00443	medi_hps
DOID:3310	DB00591	medi_hps
DOID:3310	DB00620	medi_lps
DOID:3310	DB00635	medi_lps
DOID:3310	DB00741	medi_hps
DOID:3310	DB00860	medi_lps
DOID:3310	DB00864	medi_hps
DOID:3310	DB00959	medi_lps
DOID:3310	DB00993	medi_lps
DOID:3310	DB01234	medi_hps
DOID:3310	DB01260	medi_hps
DOID:3310	DB03600	medi_lps
DOID:3310	DB04650	medi_lps
DOID:3310	DB07886	medi_hps
DOID:3312	DB00143	medi_lps
DOID:3312	DB00159	medi_lps
DOID:3312	DB00176	medi_lps
DOID:3312	DB00246	medi_hps
DOID:3312	DB00273	medi_hps
DOID:3312	DB00313	medi_hps
DOID:3312	DB00321	medi_lps
DOID:3312	DB00334	medi_hps
DOID:3312	DB00344	medi_lps
DOID:3312	DB00363	medi_hps
DOID:3312	DB00413	medi_lps
DOID:3312	DB00424	medi_lps
DOID:3312	DB00433	medi_lps
DOID:3312	DB00458	medi_lps
DOID:3312	DB00477	medi_lps
DOID:3312	DB00543	medi_lps
DOID:3312	DB00555	medi_hps
DOID:3312	DB00564	medi_hps
DOID:3312	DB00572	medi_lps
DOID:3312	DB00623	medi_lps
DOID:3312	DB00715	medi_hps
DOID:3312	DB00734	medi_hps
DOID:3312	DB00747	medi_lps
DOID:3312	DB00776	medi_hps
DOID:3312	DB00780	medi_lps
DOID:3312	DB00794	medi_lps
DOID:3312	DB00850	medi_lps
DOID:3312	DB00906	medi_hps
DOID:3312	DB00909	medi_lps
DOID:3312	DB00934	medi_lps
DOID:3312	DB00985	medi_lps
DOID:3312	DB00988	medi_lps
DOID:3312	DB00996	medi_hps
DOID:3312	DB01065	medi_lps
DOID:3312	DB01068	medi_hps
DOID:3312	DB01075	medi_lps
DOID:3312	DB01151	medi_lps
DOID:3312	DB01202	medi_lps
DOID:3312	DB01224	medi_hps
DOID:3312	DB01238	medi_hps
DOID:3312	DB08815	medi_lps
DOID:332	DB00148	medi_lps
DOID:332	DB00205	medi_lps
DOID:332	DB00424	medi_lps
DOID:332	DB00468	medi_lps
DOID:332	DB00514	medi_hps
DOID:332	DB00572	medi_lps
DOID:332	DB00740	medi_hps
DOID:332	DB00747	medi_lps
DOID:332	DB00908	medi_lps
DOID:332	DB00985	medi_lps
DOID:332	DB01017	medi_lps
DOID:332	DB01065	medi_lps
DOID:332	DB01068	medi_lps
DOID:332	DB01075	medi_lps
DOID:332	DB01212	medi_lps
DOID:332	DB01346	medi_lps
DOID:3393	DB00091	medi_lps
DOID:3393	DB00126	medi_lps
DOID:3393	DB00158	medi_lps
DOID:3393	DB00159	medi_lps
DOID:3393	DB00175	medi_hps
DOID:3393	DB00177	medi_hps
DOID:3393	DB00178	medi_hps
DOID:3393	DB00190	medi_lps
DOID:3393	DB00194	medi_lps
DOID:3393	DB00200	medi_lps
DOID:3393	DB00201	medi_lps
DOID:3393	DB00225	medi_lps
DOID:3393	DB00227	medi_hps
DOID:3393	DB00258	medi_lps
DOID:3393	DB00281	medi_hps
DOID:3393	DB00292	medi_lps
DOID:3393	DB00295	medi_hps
DOID:3393	DB00316	medi_lps
DOID:3393	DB00320	medi_lps
DOID:3393	DB00322	medi_lps
DOID:3393	DB00327	medi_lps
DOID:3393	DB00331	medi_lps
DOID:3393	DB00343	medi_hps
DOID:3393	DB00360	medi_lps
DOID:3393	DB00364	medi_lps
DOID:3393	DB00368	medi_lps
DOID:3393	DB00371	medi_lps
DOID:3393	DB00373	medi_hps
DOID:3393	DB00388	medi_lps
DOID:3393	DB00390	medi_lps
DOID:3393	DB00451	medi_hps
DOID:3393	DB00492	medi_lps
DOID:3393	DB00497	medi_lps
DOID:3393	DB00509	medi_hps
DOID:3393	DB00514	medi_lps
DOID:3393	DB00516	medi_lps
DOID:3393	DB00519	medi_hps
DOID:3393	DB00540	medi_lps
DOID:3393	DB00569	medi_lps
DOID:3393	DB00575	medi_lps
DOID:3393	DB00580	medi_lps
DOID:3393	DB00583	medi_lps
DOID:3393	DB00594	medi_lps
DOID:3393	DB00621	medi_lps
DOID:3393	DB00624	medi_lps
DOID:3393	DB00627	medi_hps
DOID:3393	DB00640	medi_lps
DOID:3393	DB00641	medi_hps
DOID:3393	DB00647	medi_lps
DOID:3393	DB00655	medi_lps
DOID:3393	DB00668	medi_lps
DOID:3393	DB00678	medi_hps
DOID:3393	DB00692	medi_lps
DOID:3393	DB00696	medi_lps
DOID:3393	DB00700	medi_hps
DOID:3393	DB00722	medi_hps
DOID:3393	DB00727	medi_hps
DOID:3393	DB00741	medi_lps
DOID:3393	DB00758	medi_hps
DOID:3393	DB00775	medi_hps
DOID:3393	DB00783	medi_hps
DOID:3393	DB00790	medi_hps
DOID:3393	DB00814	medi_lps
DOID:3393	DB00852	medi_lps
DOID:3393	DB00860	medi_lps
DOID:3393	DB00862	medi_lps
DOID:3393	DB00883	medi_hps
DOID:3393	DB00907	medi_lps
DOID:3393	DB00945	medi_hps
DOID:3393	DB00956	medi_lps
DOID:3393	DB00966	medi_hps
DOID:3393	DB00973	medi_lps
DOID:3393	DB00975	medi_hps
DOID:3393	DB00985	medi_lps
DOID:3393	DB00988	medi_hps
DOID:3393	DB00999	medi_lps
DOID:3393	DB01016	medi_lps
DOID:3393	DB01020	medi_hps
DOID:3393	DB01035	medi_lps
DOID:3393	DB01039	medi_hps
DOID:3393	DB01048	medi_lps
DOID:3393	DB01075	medi_lps
DOID:3393	DB01076	medi_hps
DOID:3393	DB01086	medi_lps
DOID:3393	DB01098	medi_hps
DOID:3393	DB01113	medi_lps
DOID:3393	DB01115	medi_hps
DOID:3393	DB01177	medi_lps
DOID:3393	DB01179	medi_lps
DOID:3393	DB01197	medi_hps
DOID:3393	DB01241	medi_lps
DOID:3393	DB01261	medi_lps
DOID:3393	DB01275	medi_lps
DOID:3393	DB01294	medi_lps
DOID:3393	DB01359	medi_hps
DOID:3393	DB01364	medi_lps
DOID:3393	DB01375	medi_lps
DOID:3393	DB01390	medi_lps
DOID:3393	DB01420	medi_lps
DOID:3393	DB01440	medi_lps
DOID:3393	DB01551	medi_lps
DOID:3393	DB01583	medi_hps
DOID:3393	DB01586	medi_lps
DOID:3393	DB01671	medi_lps
DOID:3393	DB01698	medi_lps
DOID:3393	DB01708	medi_lps
DOID:3393	DB01956	medi_lps
DOID:3393	DB02032	medi_hps
DOID:3393	DB02165	medi_lps
DOID:3393	DB02373	medi_lps
DOID:3393	DB02453	medi_lps
DOID:3393	DB02648	medi_lps
DOID:3393	DB02692	medi_lps
DOID:3393	DB02709	medi_lps
DOID:3393	DB02772	medi_lps
DOID:3393	DB03512	medi_lps
DOID:3393	DB03528	medi_lps
DOID:3393	DB03840	medi_lps
DOID:3393	DB03918	medi_lps
DOID:3393	DB04031	medi_lps
DOID:3393	DB04219	medi_lps
DOID:3393	DB04231	medi_lps
DOID:3393	DB04397	medi_lps
DOID:3393	DB04428	medi_lps
DOID:3393	DB04494	medi_lps
DOID:3393	DB05291	medi_hps
DOID:3393	DB05389	medi_lps
DOID:3393	DB05436	medi_lps
DOID:3393	DB05461	medi_lps
DOID:3393	DB05630	medi_lps
DOID:3393	DB06151	medi_lps
DOID:3393	DB06228	medi_lps
DOID:3393	DB06292	medi_lps
DOID:3393	DB06705	medi_lps
DOID:3393	DB06710	medi_lps
DOID:3393	DB06723	medi_lps
DOID:3393	DB06777	medi_lps
DOID:3393	DB07768	medi_lps
DOID:3393	DB07886	medi_lps
DOID:3393	DB08477	medi_lps
DOID:3393	DB08797	medi_lps
DOID:3393	DB08816	medi_hps
DOID:3393	DB08860	medi_lps
DOID:3393	DB08938	medi_lps
DOID:3565	DB00834	medi_hps
DOID:3565	DB00987	medi_hps
DOID:3565	DB02097	medi_hps
DOID:3565	DB04572	medi_lps
DOID:3565	DB05494	medi_hps
DOID:3571	DB00398	medi_hps
DOID:3571	DB00442	medi_lps
DOID:3571	DB00445	medi_hps
DOID:3571	DB00541	medi_lps
DOID:3571	DB00718	medi_lps
DOID:3571	DB00985	medi_lps
DOID:3571	DB00997	medi_hps
DOID:3571	DB01075	medi_lps
DOID:3571	DB01265	medi_lps
DOID:3571	DB04485	medi_lps
DOID:3571	DB05318	medi_lps
DOID:363	DB00201	medi_lps
DOID:363	DB00396	medi_hps
DOID:363	DB00445	medi_hps
DOID:363	DB00603	medi_hps
DOID:363	DB00655	medi_lps
DOID:363	DB00675	medi_lps
DOID:363	DB00717	medi_lps
DOID:363	DB00773	medi_hps
DOID:363	DB00783	medi_hps
DOID:363	DB00917	medi_hps
DOID:363	DB00957	medi_lps
DOID:363	DB00958	medi_hps
DOID:363	DB00970	medi_hps
DOID:363	DB00997	medi_hps
DOID:363	DB01005	medi_hps
DOID:363	DB01229	medi_lps
DOID:3953	DB00445	medi_lps
DOID:3953	DB00457	medi_lps
DOID:3953	DB00997	medi_lps
DOID:4045	DB00361	medi_lps
DOID:4045	DB00541	medi_hps
DOID:4045	DB00773	medi_hps
DOID:4045	DB00851	medi_hps
DOID:4045	DB00958	medi_lps
DOID:4045	DB00970	medi_hps
DOID:4045	DB01030	medi_lps
DOID:4045	DB01042	medi_hps
DOID:4045	DB01157	medi_lps
DOID:4159	DB00262	medi_hps
DOID:4159	DB00307	medi_lps
DOID:4159	DB00313	medi_lps
DOID:4159	DB00523	medi_lps
DOID:4159	DB00541	medi_lps
DOID:4159	DB00544	medi_hps
DOID:4159	DB00600	medi_lps
DOID:4159	DB00675	medi_lps
DOID:4159	DB00724	medi_hps
DOID:4159	DB00755	medi_lps
DOID:4159	DB00851	medi_hps
DOID:4159	DB00853	medi_hps
DOID:4159	DB00888	medi_lps
DOID:4159	DB00958	medi_lps
DOID:4159	DB00970	medi_hps
DOID:4159	DB00982	medi_lps
DOID:4159	DB00992	medi_lps
DOID:4159	DB01005	medi_hps
DOID:4159	DB01042	medi_hps
DOID:4159	DB01168	medi_hps
DOID:4159	DB01206	medi_hps
DOID:4159	DB01229	medi_lps
DOID:4159	DB01248	medi_hps
DOID:4159	DB02709	medi_lps
DOID:4159	DB08828	medi_hps
DOID:4159	DB08881	medi_hps
DOID:418	DB00559	medi_lps
DOID:418	DB00619	medi_lps
DOID:418	DB00797	medi_hps
DOID:418	DB00859	medi_lps
DOID:418	DB01024	medi_lps
DOID:418	DB01240	medi_hps
DOID:418	DB02362	medi_hps
DOID:4362	DB00305	medi_lps
DOID:4362	DB00361	medi_lps
DOID:4362	DB00441	medi_lps
DOID:4362	DB00445	medi_lps
DOID:4362	DB00541	medi_lps
DOID:4362	DB00544	medi_lps
DOID:4362	DB00570	medi_lps
DOID:4362	DB00762	medi_lps
DOID:4362	DB00773	medi_lps
DOID:4362	DB00958	medi_lps
DOID:4362	DB00997	medi_lps
DOID:4362	DB01005	medi_lps
DOID:4362	DB01030	medi_hps
DOID:4362	DB01229	medi_lps
DOID:4989	DB00104	medi_hps
DOID:4989	DB00220	medi_lps
DOID:4989	DB00424	medi_hps
DOID:4989	DB00572	medi_hps
DOID:4989	DB00627	medi_lps
DOID:4989	DB00782	medi_hps
DOID:4989	DB01039	medi_lps
DOID:4989	DB01174	medi_lps
DOID:4989	DB01241	medi_lps
DOID:4989	DB01346	medi_lps
DOID:4989	DB01438	medi_lps
DOID:4989	DB05251	medi_lps
DOID:5041	DB00162	medi_lps
DOID:5041	DB00305	medi_lps
DOID:5041	DB00441	medi_lps
DOID:5041	DB00563	medi_hps
DOID:5041	DB00958	medi_hps
DOID:5041	DB01229	medi_lps
DOID:5041	DB02709	medi_lps
DOID:5041	DB05088	medi_lps
DOID:5408	DB00282	medi_hps
DOID:5408	DB00399	medi_hps
DOID:5408	DB00630	medi_hps
DOID:5408	DB00884	medi_hps
DOID:5408	DB01077	medi_hps
DOID:5408	DB01133	medi_hps
DOID:5419	DB00567	medi_lps
DOID:594	DB00176	medi_hps
DOID:594	DB00334	medi_hps
DOID:594	DB00344	medi_lps
DOID:594	DB00404	medi_hps
DOID:594	DB00457	medi_lps
DOID:594	DB00458	medi_hps
DOID:594	DB00540	medi_hps
DOID:594	DB00543	medi_lps
DOID:594	DB00575	medi_lps
DOID:594	DB00623	medi_lps
DOID:594	DB00656	medi_lps
DOID:594	DB00715	medi_hps
DOID:594	DB00780	medi_lps
DOID:594	DB00829	medi_hps
DOID:594	DB00906	medi_lps
DOID:594	DB00934	medi_hps
DOID:594	DB01068	medi_hps
DOID:594	DB01104	medi_hps
DOID:594	DB01151	medi_lps
DOID:594	DB01242	medi_hps
DOID:594	DB01247	medi_hps
DOID:594	DB01783	medi_lps
DOID:594	DB03106	medi_lps
DOID:594	DB08567	medi_hps
DOID:635	DB00143	medi_lps
DOID:635	DB00220	medi_hps
DOID:635	DB00224	medi_hps
DOID:635	DB00238	medi_hps
DOID:635	DB00294	medi_lps
DOID:635	DB00304	medi_lps
DOID:635	DB00359	medi_lps
DOID:635	DB00367	medi_lps
DOID:635	DB00445	medi_hps
DOID:635	DB00470	medi_lps
DOID:635	DB00495	medi_hps
DOID:635	DB00503	medi_hps
DOID:635	DB00529	medi_lps
DOID:635	DB00541	medi_lps
DOID:635	DB00570	medi_lps
DOID:635	DB00603	medi_lps
DOID:635	DB00615	medi_hps
DOID:635	DB00621	medi_lps
DOID:635	DB00625	medi_hps
DOID:635	DB00635	medi_lps
DOID:635	DB00649	medi_hps
DOID:635	DB00701	medi_hps
DOID:635	DB00705	medi_hps
DOID:635	DB00709	medi_hps
DOID:635	DB00717	medi_lps
DOID:635	DB00773	medi_lps
DOID:635	DB00783	medi_lps
DOID:635	DB00787	medi_hps
DOID:635	DB00900	medi_hps
DOID:635	DB00957	medi_lps
DOID:635	DB00977	medi_lps
DOID:635	DB00996	medi_lps
DOID:635	DB00997	medi_hps
DOID:635	DB01004	medi_hps
DOID:635	DB01005	medi_lps
DOID:635	DB01048	medi_hps
DOID:635	DB01157	medi_lps
DOID:635	DB01229	medi_lps
DOID:635	DB01232	medi_hps
DOID:635	DB01357	medi_lps
DOID:635	DB01395	medi_lps
DOID:635	DB01601	medi_hps
DOID:635	DB03904	medi_lps
DOID:635	DB04375	medi_lps
DOID:635	DB04789	medi_lps
DOID:635	DB05251	medi_hps
DOID:635	DB05347	medi_hps
DOID:635	DB05366	medi_lps
DOID:635	DB06713	medi_lps
DOID:635	DB08866	medi_lps
DOID:6364	DB00201	medi_hps
DOID:6364	DB00216	medi_hps
DOID:6364	DB00247	medi_lps
DOID:6364	DB00273	medi_hps
DOID:6364	DB00283	medi_lps
DOID:6364	DB00304	medi_lps
DOID:6364	DB00313	medi_hps
DOID:6364	DB00315	medi_hps
DOID:6364	DB00316	medi_hps
DOID:6364	DB00320	medi_hps
DOID:6364	DB00321	medi_hps
DOID:6364	DB00328	medi_lps
DOID:6364	DB00343	medi_lps
DOID:6364	DB00353	medi_lps
DOID:6364	DB00356	medi_lps
DOID:6364	DB00373	medi_hps
DOID:6364	DB00388	medi_lps
DOID:6364	DB00405	medi_lps
DOID:6364	DB00427	medi_lps
DOID:6364	DB00433	medi_lps
DOID:6364	DB00434	medi_hps
DOID:6364	DB00454	medi_lps
DOID:6364	DB00458	medi_lps
DOID:6364	DB00475	medi_lps
DOID:6364	DB00477	medi_lps
DOID:6364	DB00497	medi_lps
DOID:6364	DB00514	medi_lps
DOID:6364	DB00540	medi_lps
DOID:6364	DB00575	medi_lps
DOID:6364	DB00586	medi_lps
DOID:6364	DB00594	medi_lps
DOID:6364	DB00611	medi_lps
DOID:6364	DB00635	medi_lps
DOID:6364	DB00669	medi_hps
DOID:6364	DB00696	medi_hps
DOID:6364	DB00697	medi_lps
DOID:6364	DB00783	medi_lps
DOID:6364	DB00788	medi_lps
DOID:6364	DB00813	medi_lps
DOID:6364	DB00835	medi_lps
DOID:6364	DB00852	medi_lps
DOID:6364	DB00860	medi_lps
DOID:6364	DB00909	medi_lps
DOID:6364	DB00918	medi_hps
DOID:6364	DB00945	medi_hps
DOID:6364	DB00952	medi_hps
DOID:6364	DB00953	medi_hps
DOID:6364	DB00956	medi_lps
DOID:6364	DB00985	medi_lps
DOID:6364	DB00996	medi_lps
DOID:6364	DB00998	medi_hps
DOID:6364	DB00999	medi_lps
DOID:6364	DB01065	medi_lps
DOID:6364	DB01075	medi_lps
DOID:6364	DB01113	medi_lps
DOID:6364	DB01115	medi_lps
DOID:6364	DB01174	medi_lps
DOID:6364	DB01184	medi_lps
DOID:6364	DB01233	medi_hps
DOID:6364	DB01346	medi_lps
DOID:6364	DB01364	medi_lps
DOID:6364	DB01390	medi_lps
DOID:6364	DB01435	medi_hps
DOID:6364	DB01494	medi_hps
DOID:6364	DB01495	medi_hps
DOID:6364	DB01551	medi_lps
DOID:6364	DB01563	medi_hps
DOID:6364	DB04953	medi_lps
DOID:6364	DB05436	medi_lps
DOID:6364	DB06151	medi_lps
DOID:6364	DB08298	medi_lps
DOID:6364	DB08797	medi_lps
DOID:7147	DB00201	medi_lps
DOID:7147	DB00316	medi_lps
DOID:7147	DB00321	medi_lps
DOID:7147	DB00328	medi_hps
DOID:7147	DB00338	medi_lps
DOID:7147	DB00388	medi_lps
DOID:7147	DB00443	medi_lps
DOID:7147	DB00482	medi_hps
DOID:7147	DB00497	medi_lps
DOID:7147	DB00500	medi_hps
DOID:7147	DB00554	medi_hps
DOID:7147	DB00586	medi_hps
DOID:7147	DB00620	medi_lps
DOID:7147	DB00635	medi_lps
DOID:7147	DB00669	medi_lps
DOID:7147	DB00736	medi_lps
DOID:7147	DB00741	medi_lps
DOID:7147	DB00788	medi_hps
DOID:7147	DB00814	medi_lps
DOID:7147	DB00852	medi_lps
DOID:7147	DB00859	medi_lps
DOID:7147	DB00860	medi_lps
DOID:7147	DB00927	medi_lps
DOID:7147	DB00945	medi_lps
DOID:7147	DB00956	medi_lps
DOID:7147	DB00959	medi_lps
DOID:7147	DB00985	medi_lps
DOID:7147	DB01075	medi_lps
DOID:7147	DB01097	medi_lps
DOID:7147	DB01234	medi_lps
DOID:7147	DB01364	medi_lps
DOID:7147	DB07886	medi_lps
DOID:7147	DB08298	medi_hps
DOID:7147	DB08797	medi_lps
DOID:7148	DB00091	medi_hps
DOID:7148	DB00121	medi_lps
DOID:7148	DB00122	medi_hps
DOID:7148	DB00155	medi_lps
DOID:7148	DB00165	medi_lps
DOID:7148	DB00190	medi_lps
DOID:7148	DB00200	medi_lps
DOID:7148	DB00201	medi_lps
DOID:7148	DB00225	medi_lps
DOID:7148	DB00259	medi_lps
DOID:7148	DB00316	medi_lps
DOID:7148	DB00328	medi_hps
DOID:7148	DB00338	medi_lps
DOID:7148	DB00364	medi_lps
DOID:7148	DB00371	medi_lps
DOID:7148	DB00388	medi_lps
DOID:7148	DB00443	medi_hps
DOID:7148	DB00461	medi_hps
DOID:7148	DB00482	medi_hps
DOID:7148	DB00497	medi_lps
DOID:7148	DB00500	medi_hps
DOID:7148	DB00514	medi_lps
DOID:7148	DB00516	medi_lps
DOID:7148	DB00541	medi_lps
DOID:7148	DB00554	medi_hps
DOID:7148	DB00563	medi_hps
DOID:7148	DB00580	medi_hps
DOID:7148	DB00584	medi_hps
DOID:7148	DB00586	medi_hps
DOID:7148	DB00620	medi_lps
DOID:7148	DB00635	medi_lps
DOID:7148	DB00647	medi_lps
DOID:7148	DB00669	medi_lps
DOID:7148	DB00736	medi_lps
DOID:7148	DB00741	medi_hps
DOID:7148	DB00788	medi_hps
DOID:7148	DB00795	medi_hps
DOID:7148	DB00814	medi_hps
DOID:7148	DB00851	medi_lps
DOID:7148	DB00852	medi_lps
DOID:7148	DB00859	medi_hps
DOID:7148	DB00860	medi_hps
DOID:7148	DB00861	medi_hps
DOID:7148	DB00864	medi_lps
DOID:7148	DB00927	medi_lps
DOID:7148	DB00936	medi_lps
DOID:7148	DB00945	medi_hps
DOID:7148	DB00956	medi_lps
DOID:7148	DB00959	medi_lps
DOID:7148	DB00981	medi_lps
DOID:7148	DB00985	medi_lps
DOID:7148	DB00991	medi_hps
DOID:7148	DB00993	medi_hps
DOID:7148	DB00995	medi_hps
DOID:7148	DB01016	medi_lps
DOID:7148	DB01045	medi_lps
DOID:7148	DB01065	medi_lps
DOID:7148	DB01075	medi_lps
DOID:7148	DB01097	medi_hps
DOID:7148	DB01113	medi_lps
DOID:7148	DB01140	medi_lps
DOID:7148	DB01197	medi_hps
DOID:7148	DB01234	medi_hps
DOID:7148	DB01236	medi_lps
DOID:7148	DB01294	medi_lps
DOID:7148	DB01303	medi_hps
DOID:7148	DB01364	medi_lps
DOID:7148	DB01375	medi_lps
DOID:7148	DB01390	medi_lps
DOID:7148	DB01397	medi_lps
DOID:7148	DB01398	medi_lps
DOID:7148	DB01399	medi_hps
DOID:7148	DB01401	medi_hps
DOID:7148	DB01551	medi_lps
DOID:7148	DB01671	medi_lps
DOID:7148	DB01783	medi_lps
DOID:7148	DB02032	medi_hps
DOID:7148	DB02165	medi_lps
DOID:7148	DB02373	medi_lps
DOID:7148	DB02453	medi_lps
DOID:7148	DB03512	medi_lps
DOID:7148	DB03840	medi_lps
DOID:7148	DB04031	medi_lps
DOID:7148	DB04219	medi_lps
DOID:7148	DB04231	medi_lps
DOID:7148	DB04397	medi_lps
DOID:7148	DB04428	medi_lps
DOID:7148	DB04494	medi_lps
DOID:7148	DB04650	medi_lps
DOID:7148	DB05318	medi_lps
DOID:7148	DB05389	medi_lps
DOID:7148	DB05436	medi_lps
DOID:7148	DB05461	medi_lps
DOID:7148	DB05630	medi_lps
DOID:7148	DB06151	medi_lps
DOID:7148	DB06292	medi_lps
DOID:7148	DB06705	medi_lps
DOID:7148	DB06723	medi_lps
DOID:7148	DB07886	medi_hps
DOID:7148	DB08298	medi_hps
DOID:7148	DB08797	medi_lps
DOID:7148	DB08938	medi_lps
DOID:7693	DB00973	medi_lps
DOID:784	DB00136	medi_lps
DOID:784	DB00169	medi_hps
DOID:784	DB00214	medi_hps
DOID:784	DB00258	medi_hps
DOID:784	DB00268	medi_lps
DOID:784	DB00360	medi_lps
DOID:784	DB00437	medi_lps
DOID:784	DB00542	medi_lps
DOID:784	DB00583	medi_lps
DOID:784	DB00678	medi_lps
DOID:784	DB00695	medi_hps
DOID:784	DB00746	medi_hps
DOID:784	DB00774	medi_lps
DOID:784	DB00877	medi_lps
DOID:784	DB00880	medi_lps
DOID:784	DB00887	medi_hps
DOID:784	DB00903	medi_hps
DOID:784	DB00910	medi_hps
DOID:784	DB00973	medi_lps
DOID:784	DB00999	medi_lps
DOID:784	DB01012	medi_hps
DOID:784	DB01390	medi_lps
DOID:784	DB02648	medi_lps
DOID:784	DB02692	medi_lps
DOID:784	DB03918	medi_lps
DOID:784	DB05314	medi_lps
DOID:784	DB08826	medi_lps
DOID:824	DB00916	medi_lps
DOID:8577	DB00091	medi_lps
DOID:8577	DB00130	medi_lps
DOID:8577	DB00159	medi_lps
DOID:8577	DB00184	medi_hps
DOID:8577	DB00233	medi_lps
DOID:8577	DB00240	medi_lps
DOID:8577	DB00244	medi_hps
DOID:8577	DB00257	medi_lps
DOID:8577	DB00281	medi_lps
DOID:8577	DB00394	medi_lps
DOID:8577	DB00435	medi_lps
DOID:8577	DB00443	medi_lps
DOID:8577	DB00620	medi_hps
DOID:8577	DB00635	medi_hps
DOID:8577	DB00716	medi_lps
DOID:8577	DB00741	medi_hps
DOID:8577	DB00759	medi_lps
DOID:8577	DB00787	medi_lps
DOID:8577	DB00795	medi_hps
DOID:8577	DB00860	medi_hps
DOID:8577	DB00959	medi_lps
DOID:8577	DB00985	medi_lps
DOID:8577	DB00993	medi_hps
DOID:8577	DB01003	medi_lps
DOID:8577	DB01014	medi_hps
DOID:8577	DB01033	medi_hps
DOID:8577	DB01075	medi_lps
DOID:8577	DB01234	medi_lps
DOID:8577	DB01250	medi_hps
DOID:8577	DB02174	medi_lps
DOID:8577	DB03904	medi_lps
DOID:8577	DB04077	medi_lps
DOID:8577	DB04815	medi_lps
DOID:8577	DB05291	medi_lps
DOID:8577	DB05347	medi_lps
DOID:8577	DB07886	medi_hps
DOID:8893	DB00091	medi_hps
DOID:8893	DB00136	medi_hps
DOID:8893	DB00169	medi_hps
DOID:8893	DB00239	medi_lps
DOID:8893	DB00337	medi_lps
DOID:8893	DB00394	medi_hps
DOID:8893	DB00443	medi_hps
DOID:8893	DB00459	medi_hps
DOID:8893	DB00547	medi_lps
DOID:8893	DB00553	medi_hps
DOID:8893	DB00563	medi_hps
DOID:8893	DB00588	medi_lps
DOID:8893	DB00591	medi_hps
DOID:8893	DB00620	medi_lps
DOID:8893	DB00635	medi_lps
DOID:8893	DB00688	medi_hps
DOID:8893	DB00741	medi_hps
DOID:8893	DB00764	medi_lps
DOID:8893	DB00799	medi_hps
DOID:8893	DB00857	medi_lps
DOID:8893	DB00860	medi_hps
DOID:8893	DB00877	medi_lps
DOID:8893	DB00888	medi_lps
DOID:8893	DB00936	medi_hps
DOID:8893	DB00959	medi_lps
DOID:8893	DB01005	medi_hps
DOID:8893	DB01013	medi_hps
DOID:8893	DB01024	medi_hps
DOID:8893	DB01047	medi_lps
DOID:8893	DB01091	medi_hps
DOID:8893	DB01188	medi_lps
DOID:8893	DB01206	medi_lps
DOID:8893	DB01234	medi_hps
DOID:8893	DB01260	medi_lps
DOID:8893	DB01294	medi_hps
DOID:8893	DB01397	medi_hps
DOID:8893	DB01398	medi_hps
DOID:8893	DB01401	medi_hps
DOID:8893	DB01956	medi_lps
DOID:8893	DB02300	medi_hps
DOID:8893	DB03904	medi_hps
DOID:8893	DB04077	medi_lps
DOID:8893	DB05314	medi_hps
DOID:8893	DB05318	medi_lps
DOID:8893	DB07886	medi_hps
DOID:8986	DB00182	medi_hps
DOID:8986	DB00344	medi_lps
DOID:8986	DB00422	medi_lps
DOID:8986	DB00745	medi_hps
DOID:8986	DB00852	medi_lps
DOID:8986	DB01151	medi_lps
DOID:8986	DB01364	medi_lps
DOID:8986	DB01440	medi_hps
DOID:8986	DB01576	medi_hps
DOID:8986	DB01577	medi_hps
DOID:8986	DB06701	medi_lps
DOID:9008	DB00136	medi_lps
DOID:9008	DB00201	medi_lps
DOID:9008	DB00316	medi_lps
DOID:9008	DB00328	medi_lps
DOID:9008	DB00388	medi_lps
DOID:9008	DB00443	medi_lps
DOID:9008	DB00497	medi_lps
DOID:9008	DB00563	medi_hps
DOID:9008	DB00620	medi_lps
DOID:9008	DB00635	medi_lps
DOID:9008	DB00741	medi_lps
DOID:9008	DB00788	medi_lps
DOID:9008	DB00795	medi_lps
DOID:9008	DB00852	medi_lps
DOID:9008	DB00860	medi_lps
DOID:9008	DB00927	medi_lps
DOID:9008	DB00945	medi_lps
DOID:9008	DB00956	medi_lps
DOID:9008	DB00959	medi_lps
DOID:9008	DB00985	medi_lps
DOID:9008	DB00995	medi_hps
DOID:9008	DB01033	medi_lps
DOID:9008	DB01075	medi_lps
DOID:9008	DB01097	medi_lps
DOID:9008	DB01234	medi_lps
DOID:9008	DB01364	medi_lps
DOID:9008	DB05314	medi_lps
DOID:9008	DB07886	medi_lps
DOID:9008	DB08298	medi_lps
DOID:9008	DB08797	medi_lps
DOID:9074	DB00091	medi_hps
DOID:9074	DB00121	medi_lps
DOID:9074	DB00201	medi_lps
DOID:9074	DB00240	medi_lps
DOID:9074	DB00254	medi_lps
DOID:9074	DB00316	medi_lps
DOID:9074	DB00371	medi_lps
DOID:9074	DB00388	medi_lps
DOID:9074	DB00443	medi_lps
DOID:9074	DB00468	medi_lps
DOID:9074	DB00497	medi_lps
DOID:9074	DB00514	medi_lps
DOID:9074	DB00563	medi_lps
DOID:9074	DB00620	medi_hps
DOID:9074	DB00635	medi_hps
DOID:9074	DB00647	medi_lps
DOID:9074	DB00688	medi_lps
DOID:9074	DB00741	medi_lps
DOID:9074	DB00783	medi_lps
DOID:9074	DB00852	medi_lps
DOID:9074	DB00860	medi_hps
DOID:9074	DB00908	medi_lps
DOID:9074	DB00945	medi_lps
DOID:9074	DB00956	medi_lps
DOID:9074	DB00959	medi_hps
DOID:9074	DB00985	medi_lps
DOID:9074	DB00993	medi_hps
DOID:9074	DB01017	medi_lps
DOID:9074	DB01024	medi_lps
DOID:9074	DB01075	medi_lps
DOID:9074	DB01097	medi_lps
DOID:9074	DB01234	medi_lps
DOID:9074	DB01346	medi_lps
DOID:9074	DB01364	medi_lps
DOID:9074	DB01390	medi_lps
DOID:9074	DB01551	medi_lps
DOID:9074	DB01708	medi_lps
DOID:9074	DB04650	medi_lps
DOID:9074	DB07886	medi_lps
DOID:9074	DB08797	medi_lps
DOID:9206	DB00727	medi_lps
DOID:9206	DB00962	medi_lps
DOID:9296	DB00248	medi_lps
DOID:9296	DB00794	medi_lps
DOID:9352	DB00159	medi_lps
DOID:9352	DB00160	medi_lps
DOID:9352	DB00177	medi_hps
DOID:9352	DB00203	medi_lps
DOID:9352	DB00222	medi_hps
DOID:9352	DB00331	medi_hps
DOID:9352	DB00491	medi_hps
DOID:9352	DB00624	medi_lps
DOID:9352	DB00641	medi_hps
DOID:9352	DB00642	medi_lps
DOID:9352	DB00672	medi_hps
DOID:9352	DB00678	medi_hps
DOID:9352	DB00731	medi_hps
DOID:9352	DB00839	medi_hps
DOID:9352	DB00912	medi_hps
DOID:9352	DB00996	medi_lps
DOID:9352	DB01016	medi_hps
DOID:9352	DB01029	medi_hps
DOID:9352	DB01039	medi_lps
DOID:9352	DB01067	medi_hps
DOID:9352	DB01076	medi_hps
DOID:9352	DB01083	medi_hps
DOID:9352	DB01124	medi_hps
DOID:9352	DB01200	medi_hps
DOID:9352	DB01242	medi_lps
DOID:9352	DB01261	medi_hps
DOID:9352	DB01390	medi_lps
DOID:9352	DB01392	medi_lps
DOID:9352	DB01399	medi_lps
DOID:9352	DB01420	medi_lps
DOID:9352	DB01786	medi_lps
DOID:9352	DB02772	medi_lps
DOID:9352	DB06710	medi_lps
DOID:9352	DB06715	medi_lps
DOID:9352	DB07768	medi_lps
DOID:9352	DB08882	medi_hps
DOID:9744	DB00165	medi_lps
DOID:9744	DB00222	medi_lps
DOID:9744	DB00331	medi_lps
DOID:9744	DB00731	medi_lps
DOID:9744	DB00783	medi_lps
DOID:9744	DB00912	medi_lps
DOID:9744	DB01076	medi_lps
DOID:9744	DB01200	medi_lps
DOID:9744	DB01359	medi_lps
DOID:9744	DB02772	medi_lps
DOID:9744	DB05318	medi_lps
DOID:9744	DB08882	medi_lps
DOID:9835	DB00162	medi_lps
DOID:9835	DB00368	medi_lps
DOID:9835	DB00435	medi_lps
DOID:9835	DB00807	medi_lps
DOID:9835	DB00921	medi_lps
DOID:9835	DB01057	medi_hps
DOID:986	DB00443	medi_lps
DOID:986	DB00620	medi_lps
DOID:986	DB00741	medi_lps
DOID:986	DB00959	medi_lps
DOID:986	DB01013	medi_lps
DOID:986	DB01234	medi_lps
DOID:986	DB07886	medi_lps
DOID:9970	DB00121	medi_lps
DOID:9970	DB00123	medi_lps
DOID:9970	DB00134	medi_lps
DOID:9970	DB00137	medi_lps
DOID:9970	DB00149	medi_lps
DOID:9970	DB00169	medi_lps
DOID:9970	DB00171	medi_lps
DOID:9970	DB00175	medi_lps
DOID:9970	DB00191	medi_hps
DOID:9970	DB00273	medi_lps
DOID:9970	DB00279	medi_lps
DOID:9970	DB00331	medi_lps
DOID:9970	DB00334	medi_lps
DOID:9970	DB00396	medi_lps
DOID:9970	DB00443	medi_lps
DOID:9970	DB00451	medi_lps
DOID:9970	DB00509	medi_lps
DOID:9970	DB00583	medi_lps
DOID:9970	DB00624	medi_lps
DOID:9970	DB00655	medi_lps
DOID:9970	DB00741	medi_lps
DOID:9970	DB00783	medi_lps
DOID:9970	DB00852	medi_lps
DOID:9970	DB00860	medi_lps
DOID:9970	DB00865	medi_hps
DOID:9970	DB00895	medi_lps
DOID:9970	DB00905	medi_lps
DOID:9970	DB00909	medi_lps
DOID:9970	DB00951	medi_lps
DOID:9970	DB01065	medi_lps
DOID:9970	DB01076	medi_lps
DOID:9970	DB01083	medi_hps
DOID:9970	DB01234	medi_lps
DOID:9970	DB01364	medi_lps
DOID:9970	DB01392	medi_lps
DOID:9970	DB01399	medi_lps
DOID:9970	DB01420	medi_lps
DOID:9970	DB01494	medi_lps
DOID:9970	DB01577	medi_hps
DOID:9970	DB01579	medi_hps
DOID:9970	DB01583	medi_lps
DOID:9970	DB01746	medi_lps
DOID:9970	DB02648	medi_lps
DOID:9970	DB02709	medi_lps
DOID:9970	DB02772	medi_lps
DOID:9970	DB02893	medi_lps
DOID:9970	DB02959	medi_lps
DOID:9970	DB03252	medi_lps
DOID:9970	DB03766	medi_lps
DOID:9970	DB04077	medi_lps
DOID:9970	DB04216	medi_lps
DOID:9970	DB04455	medi_lps
DOID:9970	DB04650	medi_lps
DOID:9970	DB05318	medi_lps
DOID:9970	DB06710	medi_lps
DOID:9970	DB07768	medi_lps
DOID:9970	DB07886	medi_lps
DOID:2531	DB01008	predict
DOID:2531	DB01181	predict
DOID:2531	DB00290	predict
DOID:2531	DB00515	predict
DOID:2531	DB00773	predict
DOID:2531	DB00987	predict
DOID:2531	DB00851	predict
DOID:2531	DB00444	predict
DOID:2531	DB01204	predict
DOID:2531	DB00428	predict
DOID:2531	DB00262	predict
DOID:2531	DB00361	predict
DOID:2531	DB00997	predict
DOID:2531	DB01073	predict
DOID:2531	DB00570	predict
DOID:2531	DB00563	predict
DOID:2531	DB00541	predict
DOID:2531	DB00620	predict
DOID:2531	DB01254	predict
DOID:2531	DB00635	predict
DOID:2531	DB00694	predict
DOID:2531	DB00762	predict
DOID:2531	DB01177	predict
DOID:2531	DB01234	predict
DOID:2531	DB00482	predict
DOID:2531	DB01033	predict
DOID:2531	DB00631	predict
DOID:2531	DB00619	predict
DOID:2531	DB00352	predict
DOID:2531	DB00982	predict
DOID:2531	DB01041	predict
DOID:2531	DB00282	predict
DOID:2531	DB00188	predict
DOID:2531	DB00480	predict
DOID:2531	DB00399	predict
DOID:2531	DB01042	predict
DOID:2531	DB00307	predict
DOID:2531	DB02546	predict
DOID:2531	DB01005	predict
DOID:1324	DB00563	predict
DOID:1324	DB00773	predict
DOID:1324	DB00444	predict
DOID:1324	DB01030	predict
DOID:1324	DB00515	predict
DOID:1324	DB00997	predict
DOID:263	DB01268	predict
DOID:263	DB01590	predict
DOID:263	DB00441	predict
DOID:263	DB00399	predict
DOID:263	DB00398	predict
DOID:263	DB00603	predict
DOID:263	DB01005	predict
DOID:263	DB06287	predict
DOID:263	DB01101	predict
DOID:263	DB00530	predict
DOID:263	DB00997	predict
DOID:263	DB00541	predict
DOID:263	DB01229	predict
DOID:4159	DB00853	predict
DOID:4159	DB00851	predict
DOID:4159	DB00290	predict
DOID:4159	DB01248	predict
DOID:4159	DB01005	predict
DOID:184	DB00563	predict
DOID:184	DB00997	predict
DOID:184	DB00650	predict
DOID:184	DB00515	predict
DOID:184	DB00958	predict
DOID:1612	DB00783	predict
DOID:1612	DB00286	predict
DOID:1612	DB01101	predict
DOID:1612	DB01217	predict
DOID:1612	DB00990	predict
DOID:1612	DB00441	predict
DOID:1612	DB01229	predict
DOID:1612	DB01248	predict
DOID:1612	DB00014	predict
DOID:1612	DB00624	predict
DOID:1612	DB01259	predict
DOID:1612	DB00282	predict
DOID:1612	DB00481	predict
DOID:1612	DB00544	predict
DOID:1612	DB01006	predict
DOID:1612	DB01185	predict
DOID:1612	DB00997	predict
DOID:1612	DB00675	predict
DOID:1612	DB00570	predict
DOID:1612	DB00445	predict
DOID:1612	DB00563	predict
DOID:1612	DB00351	predict
DOID:1612	DB00947	predict
DOID:1612	DB00017	predict
DOID:1612	DB00630	predict
DOID:1612	DB00399	predict
DOID:1612	DB01133	predict
DOID:1612	DB00884	predict
DOID:3070	DB00262	predict
DOID:5041	DB00563	predict
DOID:5041	DB00707	predict
DOID:5041	DB00515	predict
DOID:5041	DB00958	predict
DOID:10283	DB01101	predict
DOID:10283	DB00014	predict
DOID:10283	DB01128	predict
DOID:10283	DB01204	predict
DOID:10283	DB00007	predict
DOID:10283	DB00499	predict
DOID:10283	DB01196	predict
DOID:10283	DB00783	predict
DOID:10283	DB01248	predict
DOID:10283	DB00286	predict
DOID:10534	DB01101	predict
DOID:10534	DB00544	predict
DOID:10534	DB00305	predict
DOID:10534	DB00997	predict
DOID:10534	DB00563	predict
DOID:10534	DB01248	predict
DOID:11054	DB00385	predict
DOID:11054	DB00515	predict
DOID:11054	DB00305	predict
DOID:11054	DB00997	predict
DOID:11054	DB00958	predict
DOID:11054	DB00563	predict
DOID:1192	DB00851	predict
DOID:1192	DB01042	predict
DOID:1192	DB00515	predict
DOID:1192	DB00541	predict
DOID:1192	DB00997	predict
DOID:1781	DB00398	predict
DOID:1781	DB00997	predict
DOID:3571	DB00398	predict
DOID:219	DB01008	predict
DOID:219	DB00987	predict
DOID:219	DB00541	predict
DOID:219	DB00762	predict
DOID:219	DB00482	predict
DOID:219	DB00563	predict
DOID:2994	DB00917	predict
DOID:2994	DB00563	predict
DOID:4045	DB00563	predict
DOID:4045	DB00851	predict
DOID:4045	DB01042	predict
DOID:4045	DB00541	predict
DOID:4045	DB00997	predict
DOID:0060073	DB00290	predict
DOID:0060073	DB00987	predict
DOID:0060073	DB00444	predict
DOID:0060073	DB01204	predict
DOID:0060073	DB00541	predict
DOID:0060073	DB00262	predict
DOID:0060073	DB01073	predict
DOID:0060073	DB00563	predict
DOID:2998	DB01181	predict
DOID:2998	DB00290	predict
DOID:2998	DB00515	predict
DOID:2998	DB00570	predict
DOID:2998	DB00773	predict
DOID:2998	DB00563	predict
DOID:2377	DB00993	predict
DOID:2377	DB00860	predict
DOID:2377	DB00635	predict
DOID:2377	DB01204	predict
DOID:2377	DB01219	predict
DOID:2377	DB00745	predict
DOID:2377	DB05259	predict
DOID:2377	DB00181	predict
DOID:2377	DB00915	predict
DOID:2377	DB00242	predict
DOID:9352	DB01124	predict
DOID:9352	DB01132	predict
DOID:9352	DB00672	predict
DOID:9352	DB01016	predict
DOID:9352	DB01067	predict
DOID:9352	DB00331	predict
DOID:9352	DB01261	predict
DOID:9352	DB00222	predict
DOID:9352	DB00731	predict
DOID:9352	DB00912	predict
DOID:9352	DB00839	predict
DOID:9352	DB01120	predict
DOID:9352	DB01029	predict
DOID:9352	DB00284	predict
DOID:9352	DB00412	predict
DOID:9352	DB00414	predict
DOID:9352	DB00491	predict
DOID:9744	DB00104	predict
DOID:3393	DB01020	predict
DOID:3393	DB00790	predict
DOID:3393	DB00381	predict
DOID:3393	DB00227	predict
DOID:3393	DB00775	predict
DOID:3393	DB00883	predict
DOID:3393	DB00722	predict
DOID:9970	DB01105	predict
DOID:9970	DB01577	predict
DOID:9970	DB01083	predict
DOID:9970	DB01579	predict
DOID:9970	DB00865	predict
DOID:9970	DB00191	predict
DOID:9970	DB00397	predict
DOID:9970	DB00937	predict
DOID:9970	DB00501	predict
DOID:9970	DB00273	predict
DOID:9970	DB01156	predict
DOID:9074	DB00620	predict
DOID:9074	DB00993	predict
DOID:9074	DB00635	predict
DOID:9074	DB00091	predict
DOID:9074	DB00945	predict
DOID:9074	DB01234	predict
DOID:2841	DB01291	predict
DOID:2841	DB01410	predict
DOID:2841	DB00537	predict
DOID:2841	DB00620	predict
DOID:2841	DB00440	predict
DOID:2841	DB01137	predict
DOID:2841	DB00221	predict
DOID:2841	DB00764	predict
DOID:2841	DB00716	predict
DOID:2841	DB01003	predict
DOID:2841	DB00218	predict
DOID:2841	DB00635	predict
DOID:2841	DB01222	predict
DOID:2841	DB00901	predict
DOID:2841	DB00852	predict
DOID:2841	DB01001	predict
DOID:2841	DB01364	predict
DOID:2841	DB00816	predict
DOID:2841	DB01234	predict
DOID:2841	DB01064	predict
DOID:2841	DB00332	predict
DOID:2841	DB00180	predict
DOID:2841	DB01223	predict
DOID:2841	DB00651	predict
DOID:2841	DB00938	predict
DOID:2841	DB00744	predict
DOID:2841	DB00394	predict
DOID:2841	DB00277	predict
DOID:2841	DB00959	predict
DOID:2841	DB00668	predict
DOID:2841	DB00549	predict
DOID:2841	DB00471	predict
DOID:2841	DB00871	predict
DOID:2841	DB00983	predict
DOID:2841	DB00535	predict
DOID:2841	DB00588	predict
DOID:8893	DB00620	predict
DOID:8893	DB03904	predict
DOID:6364	DB00320	predict
DOID:6364	DB00696	predict
DOID:6364	DB00434	predict
DOID:6364	DB00313	predict
DOID:6364	DB00669	predict
DOID:6364	DB00273	predict
DOID:6364	DB00216	predict
DOID:6364	DB00571	predict
DOID:6364	DB00373	predict
DOID:6364	DB00998	predict
DOID:6364	DB00533	predict
DOID:6364	DB00201	predict
DOID:6364	DB00788	predict
DOID:6364	DB00316	predict
DOID:6364	DB00945	predict
DOID:6364	DB00635	predict
DOID:6364	DB01233	predict
DOID:6364	DB00661	predict
DOID:6364	DB00241	predict
DOID:6364	DB01173	predict
DOID:6364	DB00315	predict
DOID:6364	DB00953	predict
DOID:6364	DB00918	predict
DOID:6364	DB00353	predict
DOID:6364	DB00328	predict
DOID:6364	DB00996	predict
DOID:6364	DB00952	predict
DOID:6364	DB00697	predict
DOID:6364	DB00924	predict
DOID:10652	DB00843	predict
DOID:10652	DB00989	predict
DOID:10652	DB01043	predict
DOID:10652	DB00674	predict
DOID:10652	DB00313	predict
DOID:10652	DB00163	predict
DOID:10652	DB00382	predict
DOID:10652	DB00245	predict
DOID:10652	DB00810	predict
DOID:10652	DB00387	predict
DOID:10652	DB00268	predict
DOID:10652	DB00413	predict
DOID:10652	DB00190	predict
DOID:10652	DB00747	predict
DOID:12361	DB00763	predict
DOID:12361	DB00279	predict
DOID:12361	DB00550	predict
DOID:12361	DB00451	predict
DOID:14330	DB01186	predict
DOID:14330	DB00245	predict
DOID:14330	DB00413	predict
DOID:14330	DB00494	predict
DOID:14330	DB00387	predict
DOID:14330	DB00323	predict
DOID:14330	DB00714	predict
DOID:14330	DB01367	predict
DOID:14330	DB00747	predict
DOID:14330	DB00190	predict
DOID:14330	DB00268	predict
DOID:14330	DB00915	predict
DOID:14330	DB00989	predict
DOID:14330	DB00810	predict
DOID:14330	DB01235	predict
DOID:14330	DB00376	predict
DOID:14330	DB01200	predict
DOID:3310	DB00864	predict
DOID:3310	DB00337	predict
DOID:3310	DB01142	predict
DOID:3310	DB00443	predict
DOID:3310	DB00591	predict
DOID:11612	DB00977	predict
DOID:11612	DB01395	predict
DOID:11612	DB00304	predict
DOID:11612	DB00717	predict
DOID:11612	DB00367	predict
DOID:11612	DB00331	predict
DOID:10763	DB00727	predict
DOID:10763	DB00653	predict
DOID:10763	DB00214	predict
DOID:10763	DB00325	predict
DOID:10763	DB04861	predict
DOID:10763	DB00457	predict
DOID:10763	DB01275	predict
DOID:10763	DB00519	predict
DOID:10763	DB00903	predict
DOID:10763	DB00966	predict
DOID:10763	DB00876	predict
DOID:10763	DB01088	predict
DOID:10763	DB00492	predict
DOID:10763	DB00960	predict
DOID:10763	DB00206	predict
DOID:10763	DB01023	predict
DOID:10763	DB00598	predict
DOID:10763	DB00310	predict
DOID:10763	DB01018	predict
DOID:10763	DB00887	predict
DOID:10763	DB01194	predict
DOID:10763	DB00449	predict
DOID:10763	DB00654	predict
DOID:10763	DB00521	predict
DOID:10763	DB00484	predict
DOID:10763	DB00968	predict
DOID:10763	DB00187	predict
DOID:10763	DB01359	predict
DOID:10763	DB00343	predict
DOID:10763	DB01210	predict
DOID:10763	DB00542	predict
DOID:10763	DB01162	predict
DOID:10763	DB00796	predict
DOID:10763	DB00381	predict
DOID:10763	DB00880	predict
DOID:10763	DB01240	predict
DOID:10763	DB00622	predict
DOID:10763	DB01136	predict
DOID:10763	DB00226	predict
DOID:10763	DB01115	predict
DOID:10763	DB00350	predict
DOID:10763	DB00800	predict
DOID:10763	DB00524	predict
DOID:10763	DB00177	predict
DOID:10763	DB00275	predict
DOID:10763	DB00594	predict
DOID:10763	DB01085	predict
DOID:10763	DB01244	predict
DOID:10763	DB01203	predict
DOID:10763	DB01029	predict
DOID:10763	DB00905	predict
DOID:10763	DB00203	predict
DOID:10763	DB00678	predict
DOID:10763	DB00364	predict
DOID:10763	DB00436	predict
DOID:10763	DB00657	predict
DOID:10763	DB00999	predict
DOID:10763	DB00881	predict
DOID:10763	DB00287	predict
DOID:10763	DB00264	predict
DOID:10763	DB00421	predict
DOID:10763	DB00373	predict
DOID:10763	DB00575	predict
DOID:10763	DB00722	predict
DOID:10763	DB00270	predict
DOID:10763	DB00195	predict
DOID:10763	DB00692	predict
DOID:10763	DB00820	predict
DOID:10763	DB00808	predict
DOID:10763	DB01189	predict
DOID:10763	DB00695	predict
DOID:10763	DB00178	predict
DOID:10763	DB00401	predict
DOID:10763	DB00374	predict
DOID:10763	DB00661	predict
DOID:10763	DB00559	predict
DOID:10763	DB01258	predict
DOID:10763	DB00883	predict
DOID:10763	DB01170	predict
DOID:10763	DB00988	predict
DOID:10763	DB01193	predict
DOID:10763	DB00691	predict
DOID:10763	DB00590	predict
DOID:10763	DB01197	predict
DOID:10763	DB00571	predict
DOID:10763	DB00869	predict
DOID:10763	DB00584	predict
DOID:5408	DB00017	predict
DOID:5408	DB00630	predict
DOID:5408	DB00399	predict
DOID:5408	DB00282	predict
DOID:5408	DB01133	predict
DOID:5408	DB00884	predict
DOID:1024	DB01045	predict
DOID:1024	DB01041	predict
DOID:1686	DB00449	predict
DOID:1686	DB01214	predict
DOID:1686	DB00521	predict
DOID:1686	DB00484	predict
DOID:1686	DB00373	predict
DOID:1686	DB00287	predict
DOID:1686	DB00668	predict
DOID:1686	DB00905	predict
DOID:1686	DB00654	predict
DOID:1686	DB00388	predict
DOID:1686	DB00195	predict
DOID:1686	DB01210	predict
DOID:1686	DB01194	predict
DOID:1686	DB00869	predict
DOID:11476	DB00717	predict
DOID:11476	DB00783	predict
DOID:11476	DB06285	predict
DOID:11476	DB00630	predict
DOID:11476	DB00169	predict
DOID:11476	DB00399	predict
DOID:11476	DB00282	predict
DOID:11476	DB00603	predict
DOID:11476	DB00481	predict
DOID:11476	DB00999	predict
DOID:11476	DB00710	predict
DOID:11476	DB00884	predict
DOID:11476	DB00286	predict
DOID:11476	DB00977	predict
DOID:11476	DB00017	predict
DOID:1459	DB00279	predict
DOID:1459	DB00451	predict
DOID:1826	DB00909	predict
DOID:1826	DB01202	predict
DOID:1826	DB00794	predict
DOID:1826	DB00776	predict
DOID:1826	DB00996	predict
DOID:1826	DB01068	predict
DOID:1826	DB00273	predict
DOID:1826	DB01080	predict
DOID:1826	DB00350	predict
DOID:1826	DB00252	predict
DOID:1826	DB00620	predict
DOID:1826	DB00795	predict
DOID:1826	DB00313	predict
DOID:1826	DB00564	predict
DOID:1826	DB00490	predict
DOID:1826	DB00532	predict
DOID:1826	DB01216	predict
DOID:1826	DB00421	predict
DOID:1826	DB01174	predict
DOID:12930	DB01427	predict
DOID:13223	DB00007	predict
DOID:14268	DB01241	predict
DOID:11119	DB00575	predict
DOID:11119	DB00246	predict
DOID:11119	DB00502	predict
DOID:11119	DB00734	predict
DOID:11119	DB00657	predict
DOID:4989	DB01241	predict
DOID:2355	DB00163	predict
DOID:2355	DB00126	predict
DOID:2531	DB00242	predict
DOID:219	DB01101	predict
DOID:219	DB00544	predict
DOID:219	DB00650	predict
DOID:2994	DB01181	predict
DOID:2994	DB00290	predict
DOID:2994	DB00515	predict
DOID:2994	DB00570	predict
DOID:2994	DB00773	predict
DOID:1909	DB00853	predict
DOID:1909	DB00851	predict
DOID:1909	DB00290	predict
DOID:1909	DB01248	predict
DOID:1909	DB01005	predict
DOID:8577	DB01033	predict
DOID:8577	DB01014	predict
DOID:8577	DB00993	predict
DOID:8577	DB01222	predict
DOID:8577	DB00795	predict
DOID:8577	DB00169	predict
DOID:8577	DB00537	predict
DOID:8577	DB00244	predict
DOID:5419	DB00246	predict
DOID:5419	DB01356	predict
DOID:5419	DB00477	predict
DOID:5419	DB00472	predict
DOID:5419	DB01068	predict
DOID:5419	DB00734	predict
DOID:5419	DB00564	predict
DOID:5419	DB00555	predict
DOID:5419	DB00623	predict
DOID:5419	DB00434	predict
DOID:5419	DB00363	predict
DOID:5419	DB01238	predict
DOID:5419	DB00408	predict
DOID:5419	DB00933	predict
DOID:5419	DB00334	predict
DOID:5419	DB00502	predict
DOID:5419	DB01623	predict
DOID:5419	DB01063	predict
DOID:5419	DB00313	predict
DOID:5419	DB01224	predict
DOID:5419	DB00679	predict
DOID:5419	DB00831	predict
DOID:5419	DB01267	predict
DOID:0050425	DB00575	predict
DOID:0050425	DB01068	predict
DOID:0050425	DB00413	predict
DOID:0050425	DB00193	predict
DOID:0050425	DB00564	predict
DOID:0050425	DB01235	predict
DOID:0050425	DB00268	predict
DOID:0050425	DB00230	predict
DOID:0050425	DB00190	predict
DOID:0050425	DB00996	predict
DOID:0050741	DB00215	predict
DOID:0050741	DB00704	predict
DOID:0050741	DB00659	predict
DOID:0050741	DB00475	predict
DOID:0050741	DB00822	predict
DOID:0050741	DB00904	predict
DOID:14227	DB00882	predict
DOID:8398	DB00500	predict
DOID:8398	DB00201	predict
DOID:8398	DB00991	predict
DOID:8398	DB00580	predict
DOID:8398	DB00814	predict
DOID:8398	DB00788	predict
DOID:8398	DB00316	predict
DOID:8398	DB00554	predict
DOID:8398	DB00461	predict
DOID:8398	DB00945	predict
DOID:8398	DB00749	predict
DOID:8398	DB00573	predict
DOID:8398	DB01068	predict
DOID:8398	DB00712	predict
DOID:8398	DB00482	predict
DOID:8398	DB01009	predict
DOID:8398	DB00318	predict
DOID:8398	DB00929	predict
DOID:8398	DB01296	predict
DOID:8398	DB00328	predict
DOID:8398	DB00605	predict
DOID:8398	DB00959	predict
DOID:8398	DB00586	predict
DOID:8398	DB01050	predict
DOID:8398	DB00861	predict
DOID:8398	DB00122	predict
DOID:1094	DB00575	predict
DOID:1094	DB01255	predict
DOID:1094	DB01576	predict
DOID:1094	DB00289	predict
DOID:1094	DB00458	predict
DOID:1094	DB01577	predict
DOID:1094	DB01151	predict
DOID:1094	DB00745	predict
DOID:1094	DB00285	predict
DOID:1094	DB00540	predict
DOID:1094	DB01018	predict
DOID:1094	DB00182	predict
DOID:1094	DB00422	predict
DOID:1094	DB01156	predict
DOID:2355	DB01677	predict
DOID:594	DB01242	predict
DOID:594	DB00472	predict
DOID:594	DB00215	predict
DOID:594	DB00176	predict
DOID:594	DB00186	predict
DOID:594	DB00458	predict
DOID:594	DB00490	predict
DOID:594	DB00404	predict
DOID:594	DB00715	predict
DOID:594	DB01104	predict
DOID:594	DB00285	predict
DOID:594	DB01156	predict
DOID:594	DB00540	predict
DOID:594	DB01068	predict
